time,close,high,low,open,volumefrom,volumeto,vwap,base,quote,exchange
1460851200,0,0,0,0,0.0,0.0,,eth,krw,bithumb
1460937600,0,0,0,0,0.0,0.0,,eth,krw,bithumb
1461024000,0,0,0,0,0.0,0.0,,eth,krw,bithumb
1461110400,0,0,0,0,0.0,0.0,,eth,krw,bithumb
1461196800,0,0,0,0,0.0,0.0,,eth,krw,bithumb
1461283200,0,0,0,0,0.0,0.0,,eth,krw,bithumb
1461369600,0,0,0,0,0.0,0.0,,eth,krw,bithumb
1461456000,0,0,0,0,0.0,0.0,,eth,krw,bithumb
1461542400,0,0,0,0,0.0,0.0,,eth,krw,bithumb
1461628800,0,0,0,0,0.0,0.0,,eth,krw,bithumb
1461715200,0,0,0,0,0.0,0.0,,eth,krw,bithumb
1461801600,0,0,0,0,0.0,0.0,,eth,krw,bithumb
1461888000,0,0,0,0,0.0,0.0,,eth,krw,bithumb
1461974400,0,0,0,0,0.0,0.0,,eth,krw,bithumb
1462060800,0,0,0,0,0.0,0.0,,eth,krw,bithumb
1462147200,0,0,0,0,0.0,0.0,,eth,krw,bithumb
1462233600,0,0,0,0,0.0,0.0,,eth,krw,bithumb
1462320000,0,0,0,0,0.0,0.0,,eth,krw,bithumb
1462406400,0,0,0,0,0.0,0.0,,eth,krw,bithumb
1462492800,0,0,0,0,0.0,0.0,,eth,krw,bithumb
1462579200,0,0,0,0,0.0,0.0,,eth,krw,bithumb
1462665600,0,0,0,0,0.0,0.0,,eth,krw,bithumb
1462752000,0,0,0,0,0.0,0.0,,eth,krw,bithumb
1462838400,0,0,0,0,0.0,0.0,,eth,krw,bithumb
1462924800,0,0,0,0,0.0,0.0,,eth,krw,bithumb
1463011200,0,0,0,0,0.0,0.0,,eth,krw,bithumb
1463097600,0,0,0,0,0.0,0.0,,eth,krw,bithumb
1463184000,0,0,0,0,0.0,0.0,,eth,krw,bithumb
1463270400,0,0,0,0,0.0,0.0,,eth,krw,bithumb
1463356800,0,0,0,0,0.0,0.0,,eth,krw,bithumb
1463443200,0,0,0,0,0.0,0.0,,eth,krw,bithumb
1463529600,0,0,0,0,0.0,0.0,,eth,krw,bithumb
1463616000,0,0,0,0,0.0,0.0,,eth,krw,bithumb
1463702400,0,0,0,0,0.0,0.0,,eth,krw,bithumb
1463788800,0,0,0,0,0.0,0.0,,eth,krw,bithumb
1463875200,0,0,0,0,0.0,0.0,,eth,krw,bithumb
1463961600,0,0,0,0,0.0,0.0,,eth,krw,bithumb
1464048000,0,0,0,0,0.0,0.0,,eth,krw,bithumb
1464134400,0,0,0,0,0.0,0.0,,eth,krw,bithumb
1464220800,0,0,0,0,0.0,0.0,,eth,krw,bithumb
1464307200,0,0,0,0,0.0,0.0,,eth,krw,bithumb
1464393600,0,0,0,0,0.0,0.0,,eth,krw,bithumb
1464480000,0,0,0,0,0.0,0.0,,eth,krw,bithumb
1464566400,0,0,0,0,0.0,0.0,,eth,krw,bithumb
1464652800,0,0,0,0,0.0,0.0,,eth,krw,bithumb
1464739200,0,0,0,0,0.0,0.0,,eth,krw,bithumb
1464825600,0,0,0,0,0.0,0.0,,eth,krw,bithumb
1464912000,0,0,0,0,0.0,0.0,,eth,krw,bithumb
1464998400,0,0,0,0,0.0,0.0,,eth,krw,bithumb
1465084800,0,0,0,0,0.0,0.0,,eth,krw,bithumb
1465171200,0,0,0,0,0.0,0.0,,eth,krw,bithumb
1465257600,0,0,0,0,0.0,0.0,,eth,krw,bithumb
1465344000,0,0,0,0,0.0,0.0,,eth,krw,bithumb
1465430400,0,0,0,0,0.0,0.0,,eth,krw,bithumb
1465516800,0,0,0,0,0.0,0.0,,eth,krw,bithumb
1465603200,0,0,0,0,0.0,0.0,,eth,krw,bithumb
1465689600,0,0,0,0,0.0,0.0,,eth,krw,bithumb
1465776000,0,0,0,0,0.0,0.0,,eth,krw,bithumb
1465862400,0,0,0,0,0.0,0.0,,eth,krw,bithumb
1465948800,0,0,0,0,0.0,0.0,,eth,krw,bithumb
1466035200,0,0,0,0,0.0,0.0,,eth,krw,bithumb
1466121600,0,0,0,0,0.0,0.0,,eth,krw,bithumb
1466208000,0,0,0,0,0.0,0.0,,eth,krw,bithumb
1466294400,0,0,0,0,0.0,0.0,,eth,krw,bithumb
1466380800,0,0,0,0,0.0,0.0,,eth,krw,bithumb
1466467200,0,0,0,0,0.0,0.0,,eth,krw,bithumb
1466553600,0,0,0,0,0.0,0.0,,eth,krw,bithumb
1466640000,0,0,0,0,0.0,0.0,,eth,krw,bithumb
1466726400,0,0,0,0,0.0,0.0,,eth,krw,bithumb
1466812800,0,0,0,0,0.0,0.0,,eth,krw,bithumb
1466899200,0,0,0,0,0.0,0.0,,eth,krw,bithumb
1466985600,0,0,0,0,0.0,0.0,,eth,krw,bithumb
1467072000,0,0,0,0,0.0,0.0,,eth,krw,bithumb
1467158400,0,0,0,0,0.0,0.0,,eth,krw,bithumb
1467244800,0,0,0,0,0.0,0.0,,eth,krw,bithumb
1467331200,0,0,0,0,0.0,0.0,,eth,krw,bithumb
1467417600,0,0,0,0,0.0,0.0,,eth,krw,bithumb
1467504000,0,0,0,0,0.0,0.0,,eth,krw,bithumb
1467590400,0,0,0,0,0.0,0.0,,eth,krw,bithumb
1467676800,0,0,0,0,0.0,0.0,,eth,krw,bithumb
1467763200,0,0,0,0,0.0,0.0,,eth,krw,bithumb
1467849600,0,0,0,0,0.0,0.0,,eth,krw,bithumb
1467936000,0,0,0,0,0.0,0.0,,eth,krw,bithumb
1468022400,0,0,0,0,0.0,0.0,,eth,krw,bithumb
1468108800,0,0,0,0,0.0,0.0,,eth,krw,bithumb
1468195200,0,0,0,0,0.0,0.0,,eth,krw,bithumb
1468281600,0,0,0,0,0.0,0.0,,eth,krw,bithumb
1468368000,0,0,0,0,0.0,0.0,,eth,krw,bithumb
1468454400,0,0,0,0,0.0,0.0,,eth,krw,bithumb
1468540800,0,0,0,0,0.0,0.0,,eth,krw,bithumb
1468627200,0,0,0,0,0.0,0.0,,eth,krw,bithumb
1468713600,0,0,0,0,0.0,0.0,,eth,krw,bithumb
1468800000,0,0,0,0,0.0,0.0,,eth,krw,bithumb
1468886400,0,0,0,0,0.0,0.0,,eth,krw,bithumb
1468972800,0,0,0,0,0.0,0.0,,eth,krw,bithumb
1469059200,0,0,0,0,0.0,0.0,,eth,krw,bithumb
1469145600,0,0,0,0,0.0,0.0,,eth,krw,bithumb
1469232000,0,0,0,0,0.0,0.0,,eth,krw,bithumb
1469318400,0,0,0,0,0.0,0.0,,eth,krw,bithumb
1469404800,0,0,0,0,0.0,0.0,,eth,krw,bithumb
1469491200,0,0,0,0,0.0,0.0,,eth,krw,bithumb
1469577600,0,0,0,0,0.0,0.0,,eth,krw,bithumb
1469664000,0,0,0,0,0.0,0.0,,eth,krw,bithumb
1469750400,0,0,0,0,0.0,0.0,,eth,krw,bithumb
1469836800,0,0,0,0,0.0,0.0,,eth,krw,bithumb
1469923200,0,0,0,0,0.0,0.0,,eth,krw,bithumb
1470009600,0,0,0,0,0.0,0.0,,eth,krw,bithumb
1470096000,0,0,0,0,0.0,0.0,,eth,krw,bithumb
1470182400,0,0,0,0,0.0,0.0,,eth,krw,bithumb
1470268800,0,0,0,0,0.0,0.0,,eth,krw,bithumb
1470355200,0,0,0,0,0.0,0.0,,eth,krw,bithumb
1470441600,0,0,0,0,0.0,0.0,,eth,krw,bithumb
1470528000,0,0,0,0,0.0,0.0,,eth,krw,bithumb
1470614400,0,0,0,0,0.0,0.0,,eth,krw,bithumb
1470700800,0,0,0,0,0.0,0.0,,eth,krw,bithumb
1470787200,0,0,0,0,0.0,0.0,,eth,krw,bithumb
1470873600,0,0,0,0,0.0,0.0,,eth,krw,bithumb
1470960000,0,0,0,0,0.0,0.0,,eth,krw,bithumb
1471046400,0,0,0,0,0.0,0.0,,eth,krw,bithumb
1471132800,0,0,0,0,0.0,0.0,,eth,krw,bithumb
1471219200,0,0,0,0,0.0,0.0,,eth,krw,bithumb
1471305600,0,0,0,0,0.0,0.0,,eth,krw,bithumb
1471392000,0,0,0,0,0.0,0.0,,eth,krw,bithumb
1471478400,0,0,0,0,0.0,0.0,,eth,krw,bithumb
1471564800,0,0,0,0,0.0,0.0,,eth,krw,bithumb
1471651200,0,0,0,0,0.0,0.0,,eth,krw,bithumb
1471737600,0,0,0,0,0.0,0.0,,eth,krw,bithumb
1471824000,0,0,0,0,0.0,0.0,,eth,krw,bithumb
1471910400,0,0,0,0,0.0,0.0,,eth,krw,bithumb
1471996800,0,0,0,0,0.0,0.0,,eth,krw,bithumb
1472083200,0,0,0,0,0.0,0.0,,eth,krw,bithumb
1472169600,0,0,0,0,0.0,0.0,,eth,krw,bithumb
1472256000,0,0,0,0,0.0,0.0,,eth,krw,bithumb
1472342400,0,0,0,0,0.0,0.0,,eth,krw,bithumb
1472428800,0,0,0,0,0.0,0.0,,eth,krw,bithumb
1472515200,0,0,0,0,0.0,0.0,,eth,krw,bithumb
1472601600,0,0,0,0,0.0,0.0,,eth,krw,bithumb
1472688000,0,0,0,0,0.0,0.0,,eth,krw,bithumb
1472774400,0,0,0,0,0.0,0.0,,eth,krw,bithumb
1472860800,0,0,0,0,0.0,0.0,,eth,krw,bithumb
1472947200,0,0,0,0,0.0,0.0,,eth,krw,bithumb
1473033600,0,0,0,0,0.0,0.0,,eth,krw,bithumb
1473120000,0,0,0,0,0.0,0.0,,eth,krw,bithumb
1473206400,0,0,0,0,0.0,0.0,,eth,krw,bithumb
1473292800,0,0,0,0,0.0,0.0,,eth,krw,bithumb
1473379200,0,0,0,0,0.0,0.0,,eth,krw,bithumb
1473465600,0,0,0,0,0.0,0.0,,eth,krw,bithumb
1473552000,0,0,0,0,0.0,0.0,,eth,krw,bithumb
1473638400,0,0,0,0,0.0,0.0,,eth,krw,bithumb
1473724800,0,0,0,0,0.0,0.0,,eth,krw,bithumb
1473811200,0,0,0,0,0.0,0.0,,eth,krw,bithumb
1473897600,0,0,0,0,0.0,0.0,,eth,krw,bithumb
1473984000,0,0,0,0,0.0,0.0,,eth,krw,bithumb
1474070400,0,0,0,0,0.0,0.0,,eth,krw,bithumb
1474156800,0,0,0,0,0.0,0.0,,eth,krw,bithumb
1474243200,0,0,0,0,0.0,0.0,,eth,krw,bithumb
1474329600,0,0,0,0,0.0,0.0,,eth,krw,bithumb
1474416000,0,0,0,0,0.0,0.0,,eth,krw,bithumb
1474502400,0,0,0,0,0.0,0.0,,eth,krw,bithumb
1474588800,0,0,0,0,0.0,0.0,,eth,krw,bithumb
1474675200,0,0,0,0,0.0,0.0,,eth,krw,bithumb
1474761600,0,0,0,0,0.0,0.0,,eth,krw,bithumb
1474848000,0,0,0,0,0.0,0.0,,eth,krw,bithumb
1474934400,0,0,0,0,0.0,0.0,,eth,krw,bithumb
1475020800,0,0,0,0,0.0,0.0,,eth,krw,bithumb
1475107200,0,0,0,0,0.0,0.0,,eth,krw,bithumb
1475193600,0,0,0,0,0.0,0.0,,eth,krw,bithumb
1475280000,0,0,0,0,0.0,0.0,,eth,krw,bithumb
1475366400,0,0,0,0,0.0,0.0,,eth,krw,bithumb
1475452800,0,0,0,0,0.0,0.0,,eth,krw,bithumb
1475539200,0,0,0,0,0.0,0.0,,eth,krw,bithumb
1475625600,0,0,0,0,0.0,0.0,,eth,krw,bithumb
1475712000,0,0,0,0,0.0,0.0,,eth,krw,bithumb
1475798400,0,0,0,0,0.0,0.0,,eth,krw,bithumb
1475884800,0,0,0,0,0.0,0.0,,eth,krw,bithumb
1475971200,0,0,0,0,0.0,0.0,,eth,krw,bithumb
1476057600,0,0,0,0,0.0,0.0,,eth,krw,bithumb
1476144000,0,0,0,0,0.0,0.0,,eth,krw,bithumb
1476230400,0,0,0,0,0.0,0.0,,eth,krw,bithumb
1476316800,0,0,0,0,0.0,0.0,,eth,krw,bithumb
1476403200,0,0,0,0,0.0,0.0,,eth,krw,bithumb
1476489600,0,0,0,0,0.0,0.0,,eth,krw,bithumb
1476576000,0,0,0,0,0.0,0.0,,eth,krw,bithumb
1476662400,0,0,0,0,0.0,0.0,,eth,krw,bithumb
1476748800,0,0,0,0,0.0,0.0,,eth,krw,bithumb
1476835200,0,0,0,0,0.0,0.0,,eth,krw,bithumb
1476921600,0,0,0,0,0.0,0.0,,eth,krw,bithumb
1477008000,0,0,0,0,0.0,0.0,,eth,krw,bithumb
1477094400,0,0,0,0,0.0,0.0,,eth,krw,bithumb
1477180800,0,0,0,0,0.0,0.0,,eth,krw,bithumb
1477267200,0,0,0,0,0.0,0.0,,eth,krw,bithumb
1477353600,0,0,0,0,0.0,0.0,,eth,krw,bithumb
1477440000,0,0,0,0,0.0,0.0,,eth,krw,bithumb
1477526400,0,0,0,0,0.0,0.0,,eth,krw,bithumb
1477612800,0,0,0,0,0.0,0.0,,eth,krw,bithumb
1477699200,0,0,0,0,0.0,0.0,,eth,krw,bithumb
1477785600,0,0,0,0,0.0,0.0,,eth,krw,bithumb
1477872000,0,0,0,0,0.0,0.0,,eth,krw,bithumb
1477958400,0,0,0,0,0.0,0.0,,eth,krw,bithumb
1478044800,0,0,0,0,0.0,0.0,,eth,krw,bithumb
1478131200,0,0,0,0,0.0,0.0,,eth,krw,bithumb
1478217600,0,0,0,0,0.0,0.0,,eth,krw,bithumb
1478304000,0,0,0,0,0.0,0.0,,eth,krw,bithumb
1478390400,0,0,0,0,0.0,0.0,,eth,krw,bithumb
1478476800,0,0,0,0,0.0,0.0,,eth,krw,bithumb
1478563200,0,0,0,0,0.0,0.0,,eth,krw,bithumb
1478649600,0,0,0,0,0.0,0.0,,eth,krw,bithumb
1478736000,0,0,0,0,0.0,0.0,,eth,krw,bithumb
1478822400,0,0,0,0,0.0,0.0,,eth,krw,bithumb
1478908800,0,0,0,0,0.0,0.0,,eth,krw,bithumb
1478995200,0,0,0,0,0.0,0.0,,eth,krw,bithumb
1479081600,0,0,0,0,0.0,0.0,,eth,krw,bithumb
1479168000,0,0,0,0,0.0,0.0,,eth,krw,bithumb
1479254400,0,0,0,0,0.0,0.0,,eth,krw,bithumb
1479340800,0,0,0,0,0.0,0.0,,eth,krw,bithumb
1479427200,0,0,0,0,0.0,0.0,,eth,krw,bithumb
1479513600,0,0,0,0,0.0,0.0,,eth,krw,bithumb
1479600000,0,0,0,0,0.0,0.0,,eth,krw,bithumb
1479686400,0,0,0,0,0.0,0.0,,eth,krw,bithumb
1479772800,0,0,0,0,0.0,0.0,,eth,krw,bithumb
1479859200,0,0,0,0,0.0,0.0,,eth,krw,bithumb
1479945600,0,0,0,0,0.0,0.0,,eth,krw,bithumb
1480032000,0,0,0,0,0.0,0.0,,eth,krw,bithumb
1480118400,0,0,0,0,0.0,0.0,,eth,krw,bithumb
1480204800,0,0,0,0,0.0,0.0,,eth,krw,bithumb
1480291200,0,0,0,0,0.0,0.0,,eth,krw,bithumb
1480377600,0,0,0,0,0.0,0.0,,eth,krw,bithumb
1480464000,0,0,0,0,0.0,0.0,,eth,krw,bithumb
1480550400,0,0,0,0,0.0,0.0,,eth,krw,bithumb
1480636800,0,0,0,0,0.0,0.0,,eth,krw,bithumb
1480723200,0,0,0,0,0.0,0.0,,eth,krw,bithumb
1480809600,0,0,0,0,0.0,0.0,,eth,krw,bithumb
1480896000,0,0,0,0,0.0,0.0,,eth,krw,bithumb
1480982400,0,0,0,0,0.0,0.0,,eth,krw,bithumb
1481068800,0,0,0,0,0.0,0.0,,eth,krw,bithumb
1481155200,0,0,0,0,0.0,0.0,,eth,krw,bithumb
1481241600,0,0,0,0,0.0,0.0,,eth,krw,bithumb
1481328000,0,0,0,0,0.0,0.0,,eth,krw,bithumb
1481414400,0,0,0,0,0.0,0.0,,eth,krw,bithumb
1481500800,0,0,0,0,0.0,0.0,,eth,krw,bithumb
1481587200,0,0,0,0,0.0,0.0,,eth,krw,bithumb
1481673600,0,0,0,0,0.0,0.0,,eth,krw,bithumb
1481760000,0,0,0,0,0.0,0.0,,eth,krw,bithumb
1481846400,0,0,0,0,0.0,0.0,,eth,krw,bithumb
1481932800,0,0,0,0,0.0,0.0,,eth,krw,bithumb
1482019200,0,0,0,0,0.0,0.0,,eth,krw,bithumb
1482105600,0,0,0,0,0.0,0.0,,eth,krw,bithumb
1482192000,0,0,0,0,0.0,0.0,,eth,krw,bithumb
1482278400,0,0,0,0,0.0,0.0,,eth,krw,bithumb
1482364800,0,0,0,0,0.0,0.0,,eth,krw,bithumb
1482451200,0,0,0,0,0.0,0.0,,eth,krw,bithumb
1482537600,0,0,0,0,0.0,0.0,,eth,krw,bithumb
1482624000,0,0,0,0,0.0,0.0,,eth,krw,bithumb
1482710400,0,0,0,0,0.0,0.0,,eth,krw,bithumb
1482796800,0,0,0,0,0.0,0.0,,eth,krw,bithumb
1482883200,0,0,0,0,0.0,0.0,,eth,krw,bithumb
1482969600,0,0,0,0,0.0,0.0,,eth,krw,bithumb
1483056000,0,0,0,0,0.0,0.0,,eth,krw,bithumb
1483142400,0,0,0,0,0.0,0.0,,eth,krw,bithumb
1483228800,0,0,0,0,0.0,0.0,,eth,krw,bithumb
1483315200,0,0,0,0,0.0,0.0,,eth,krw,bithumb
1483401600,0,0,0,0,0.0,0.0,,eth,krw,bithumb
1483488000,0,0,0,0,0.0,0.0,,eth,krw,bithumb
1483574400,0,0,0,0,0.0,0.0,,eth,krw,bithumb
1483660800,0,0,0,0,0.0,0.0,,eth,krw,bithumb
1483747200,0,0,0,0,0.0,0.0,,eth,krw,bithumb
1483833600,0,0,0,0,0.0,0.0,,eth,krw,bithumb
1483920000,0,0,0,0,0.0,0.0,,eth,krw,bithumb
1484006400,0,0,0,0,0.0,0.0,,eth,krw,bithumb
1484092800,0,0,0,0,0.0,0.0,,eth,krw,bithumb
1484179200,0,0,0,0,0.0,0.0,,eth,krw,bithumb
1484265600,0,0,0,0,0.0,0.0,,eth,krw,bithumb
1484352000,0,0,0,0,0.0,0.0,,eth,krw,bithumb
1484438400,0,0,0,0,0.0,0.0,,eth,krw,bithumb
1484524800,0,0,0,0,0.0,0.0,,eth,krw,bithumb
1484611200,0,0,0,0,0.0,0.0,,eth,krw,bithumb
1484697600,0,0,0,0,0.0,0.0,,eth,krw,bithumb
1484784000,0,0,0,0,0.0,0.0,,eth,krw,bithumb
1484870400,0,0,0,0,0.0,0.0,,eth,krw,bithumb
1484956800,0,0,0,0,0.0,0.0,,eth,krw,bithumb
1485043200,0,0,0,0,0.0,0.0,,eth,krw,bithumb
1485129600,0,0,0,0,0.0,0.0,,eth,krw,bithumb
1485216000,0,0,0,0,0.0,0.0,,eth,krw,bithumb
1485302400,0,0,0,0,0.0,0.0,,eth,krw,bithumb
1485388800,0,0,0,0,0.0,0.0,,eth,krw,bithumb
1485475200,0,0,0,0,0.0,0.0,,eth,krw,bithumb
1485561600,0,0,0,0,0.0,0.0,,eth,krw,bithumb
1485648000,0,0,0,0,0.0,0.0,,eth,krw,bithumb
1485734400,0,0,0,0,0.0,0.0,,eth,krw,bithumb
1485820800,0,0,0,0,0.0,0.0,,eth,krw,bithumb
1485907200,0,0,0,0,0.0,0.0,,eth,krw,bithumb
1485993600,0,0,0,0,0.0,0.0,,eth,krw,bithumb
1486080000,0,0,0,0,0.0,0.0,,eth,krw,bithumb
1486166400,0,0,0,0,0.0,0.0,,eth,krw,bithumb
1486252800,0,0,0,0,0.0,0.0,,eth,krw,bithumb
1486339200,0,0,0,0,0.0,0.0,,eth,krw,bithumb
1486425600,0,0,0,0,0.0,0.0,,eth,krw,bithumb
1486512000,0,0,0,0,0.0,0.0,,eth,krw,bithumb
1486598400,0,0,0,0,0.0,0.0,,eth,krw,bithumb
1486684800,0,0,0,0,0.0,0.0,,eth,krw,bithumb
1486771200,0,0,0,0,0.0,0.0,,eth,krw,bithumb
1486857600,0,0,0,0,0.0,0.0,,eth,krw,bithumb
1486944000,0,0,0,0,0.0,0.0,,eth,krw,bithumb
1487030400,0,0,0,0,0.0,0.0,,eth,krw,bithumb
1487116800,0,0,0,0,0.0,0.0,,eth,krw,bithumb
1487203200,0,0,0,0,0.0,0.0,,eth,krw,bithumb
1487289600,0,0,0,0,0.0,0.0,,eth,krw,bithumb
1487376000,0,0,0,0,0.0,0.0,,eth,krw,bithumb
1487462400,0,0,0,0,0.0,0.0,,eth,krw,bithumb
1487548800,0,0,0,0,0.0,0.0,,eth,krw,bithumb
1487635200,0,0,0,0,0.0,0.0,,eth,krw,bithumb
1487721600,0,0,0,0,0.0,0.0,,eth,krw,bithumb
1487808000,0,0,0,0,0.0,0.0,,eth,krw,bithumb
1487894400,0,0,0,0,0.0,0.0,,eth,krw,bithumb
1487980800,0,0,0,0,0.0,0.0,,eth,krw,bithumb
1488067200,0,0,0,0,0.0,0.0,,eth,krw,bithumb
1488153600,0,0,0,0,0.0,0.0,,eth,krw,bithumb
1488240000,0,0,0,0,0.0,0.0,,eth,krw,bithumb
1488326400,0,0,0,0,0.0,0.0,,eth,krw,bithumb
1488412800,0,0,0,0,0.0,0.0,,eth,krw,bithumb
1488499200,0,0,0,0,0.0,0.0,,eth,krw,bithumb
1488585600,0,0,0,0,0.0,0.0,,eth,krw,bithumb
1488672000,0,0,0,0,0.0,0.0,,eth,krw,bithumb
1488758400,0,0,0,0,0.0,0.0,,eth,krw,bithumb
1488844800,0,0,0,0,0.0,0.0,,eth,krw,bithumb
1488931200,0,0,0,0,0.0,0.0,,eth,krw,bithumb
1489017600,0,0,0,0,0.0,0.0,,eth,krw,bithumb
1489104000,0,0,0,0,0.0,0.0,,eth,krw,bithumb
1489190400,0,0,0,0,0.0,0.0,,eth,krw,bithumb
1489276800,0,0,0,0,0.0,0.0,,eth,krw,bithumb
1489363200,0,0,0,0,0.0,0.0,,eth,krw,bithumb
1489449600,0,0,0,0,0.0,0.0,,eth,krw,bithumb
1489536000,0,0,0,0,0.0,0.0,,eth,krw,bithumb
1489622400,0,0,0,0,0.0,0.0,,eth,krw,bithumb
1489708800,0,0,0,0,0.0,0.0,,eth,krw,bithumb
1489795200,0,0,0,0,0.0,0.0,,eth,krw,bithumb
1489881600,0,0,0,0,0.0,0.0,,eth,krw,bithumb
1489968000,0,0,0,0,0.0,0.0,,eth,krw,bithumb
1490054400,0,0,0,0,0.0,0.0,,eth,krw,bithumb
1490140800,0,0,0,0,0.0,0.0,,eth,krw,bithumb
1490227200,0,0,0,0,0.0,0.0,,eth,krw,bithumb
1490313600,0,0,0,0,0.0,0.0,,eth,krw,bithumb
1490400000,0,0,0,0,0.0,0.0,,eth,krw,bithumb
1490486400,0,0,0,0,0.0,0.0,,eth,krw,bithumb
1490572800,0,0,0,0,0.0,0.0,,eth,krw,bithumb
1490659200,0,0,0,0,0.0,0.0,,eth,krw,bithumb
1490745600,0,0,0,0,0.0,0.0,,eth,krw,bithumb
1490832000,0,0,0,0,0.0,0.0,,eth,krw,bithumb
1490918400,0,0,0,0,0.0,0.0,,eth,krw,bithumb
1491004800,0,0,0,0,0.0,0.0,,eth,krw,bithumb
1491091200,0,0,0,0,0.0,0.0,,eth,krw,bithumb
1491177600,0,0,0,0,0.0,0.0,,eth,krw,bithumb
1491264000,0,0,0,0,0.0,0.0,,eth,krw,bithumb
1491350400,0,0,0,0,0.0,0.0,,eth,krw,bithumb
1491436800,0,0,0,0,0.0,0.0,,eth,krw,bithumb
1491523200,0,0,0,0,0.0,0.0,,eth,krw,bithumb
1491609600,0,0,0,0,0.0,0.0,,eth,krw,bithumb
1491696000,0,0,0,0,0.0,0.0,,eth,krw,bithumb
1491782400,0,0,0,0,0.0,0.0,,eth,krw,bithumb
1491868800,0,0,0,0,0.0,0.0,,eth,krw,bithumb
1491955200,0,0,0,0,0.0,0.0,,eth,krw,bithumb
1492041600,0,0,0,0,0.0,0.0,,eth,krw,bithumb
1492128000,0,0,0,0,0.0,0.0,,eth,krw,bithumb
1492214400,0,0,0,0,0.0,0.0,,eth,krw,bithumb
1492300800,0,0,0,0,0.0,0.0,,eth,krw,bithumb
1492387200,0,0,0,0,0.0,0.0,,eth,krw,bithumb
1492473600,0,0,0,0,0.0,0.0,,eth,krw,bithumb
1492560000,0,0,0,0,0.0,0.0,,eth,krw,bithumb
1492646400,0,0,0,0,0.0,0.0,,eth,krw,bithumb
1492732800,0,0,0,0,0.0,0.0,,eth,krw,bithumb
1492819200,0,0,0,0,0.0,0.0,,eth,krw,bithumb
1492905600,0,0,0,0,0.0,0.0,,eth,krw,bithumb
1492992000,0,0,0,0,0.0,0.0,,eth,krw,bithumb
1493078400,0,0,0,0,0.0,0.0,,eth,krw,bithumb
1493164800,0,0,0,0,0.0,0.0,,eth,krw,bithumb
1493251200,0,0,0,0,0.0,0.0,,eth,krw,bithumb
1493337600,0,0,0,0,0.0,0.0,,eth,krw,bithumb
1493424000,0,0,0,0,0.0,0.0,,eth,krw,bithumb
1493510400,0,0,0,0,0.0,0.0,,eth,krw,bithumb
1493596800,0,0,0,0,0.0,0.0,,eth,krw,bithumb
1493683200,0,0,0,0,0.0,0.0,,eth,krw,bithumb
1493769600,0,0,0,0,0.0,0.0,,eth,krw,bithumb
1493856000,0,0,0,0,0.0,0.0,,eth,krw,bithumb
1493942400,0,0,0,0,0.0,0.0,,eth,krw,bithumb
1494028800,0,0,0,0,0.0,0.0,,eth,krw,bithumb
1494115200,0,0,0,0,0.0,0.0,,eth,krw,bithumb
1494201600,0,0,0,0,0.0,0.0,,eth,krw,bithumb
1494288000,0,0,0,0,0.0,0.0,,eth,krw,bithumb
1494374400,0,0,0,0,0.0,0.0,,eth,krw,bithumb
1494460800,0,0,0,0,0.0,0.0,,eth,krw,bithumb
1494547200,0,0,0,0,0.0,0.0,,eth,krw,bithumb
1494633600,0,0,0,0,0.0,0.0,,eth,krw,bithumb
1494720000,0,0,0,0,0.0,0.0,,eth,krw,bithumb
1494806400,0,0,0,0,0.0,0.0,,eth,krw,bithumb
1494892800,0,0,0,0,0.0,0.0,,eth,krw,bithumb
1494979200,0,0,0,0,0.0,0.0,,eth,krw,bithumb
1495065600,0,0,0,0,0.0,0.0,,eth,krw,bithumb
1495152000,0,0,0,0,0.0,0.0,,eth,krw,bithumb
1495238400,0,0,0,0,0.0,0.0,,eth,krw,bithumb
1495324800,0,0,0,0,0.0,0.0,,eth,krw,bithumb
1495411200,234000,255000,196500,254500,224298.18,52576771579.86,234405.69861003777,eth,krw,bithumb
1495497600,237450,244900,225000,234000,335275.87,78920027069.56,235388.32982391486,eth,krw,bithumb
1495584000,324050,349000,237450,237450,721448.56,204680577611.03,283707.79146198585,eth,krw,bithumb
1495670400,308000,385050,230050,324050,617340.24,206657184430.92,334754.1129522353,eth,krw,bithumb
1495756800,230250,317000,205000,308000,730606.38,190789948050.4,261139.17599569826,eth,krw,bithumb
1495843200,239500,243600,160000,230250,1140734.46,231620459859.54,203045.02755140755,eth,krw,bithumb
1495929600,249600,260000,212250,239500,675204.71,165049475652.51,244443.60829845222,eth,krw,bithumb
1496016000,279850,291500,232050,249600,587204.81,151186107912.45,257467.4208006743,eth,krw,bithumb
1496102400,325100,334200,271050,279850,1018603.35,302314255564.13,296792.9131237689,eth,krw,bithumb
1496188800,303500,328250,267850,325100,720619.57,220394747491.27,305840.6358451659,eth,krw,bithumb
1496275200,289200,304500,285100,303500,201403.38,59145337338.45,293666.0613066672,eth,krw,bithumb
1496361600,285000,298000,280200,289200,212391.26,61183733628.46,288070.86331358453,eth,krw,bithumb
1496448000,275000,285500,255350,285000,245388.23,67068513837.47,273315.9362919322,eth,krw,bithumb
1496534400,295650,308000,273700,275000,369360.63,108151989018.78,292808.6542920939,eth,krw,bithumb
1496620800,293800,299000,289950,295650,141773.96,41764344332.04,294584.02891504194,eth,krw,bithumb
1496707200,313500,314600,292300,293800,319398.95,97072882889.46,303923.61305339297,eth,krw,bithumb
1496793600,305600,314000,303600,313500,198612.83,61296499882.77,308623.062683161,eth,krw,bithumb
1496880000,304600,306500,298000,305600,148523.21,45051108439.71,303327.0587116317,eth,krw,bithumb
1496966400,322000,327800,304450,304600,249962.47,78239057439.56,313003.2178012963,eth,krw,bithumb
1497052800,377300,399450,322000,322000,784512.07,275416454024.15,351067.1977604501,eth,krw,bithumb
1497139200,382400,398450,340000,377300,651818.92,247654475699.9,379943.6746940392,eth,krw,bithumb
1497225600,468450,488000,382000,382400,1086599.69,470913974603.69,433383.1299028716,eth,krw,bithumb
1497312000,458350,481000,416000,468450,702686.03,317853362406.66,452340.5174380085,eth,krw,bithumb
1497398400,421700,462750,390000,458350,551655.54,240278185711.87,435558.3662077788,eth,krw,bithumb
1497484800,434300,439000,350000,421700,1153896.47,460585039651.44,399156.29488964466,eth,krw,bithumb
1497571200,436850,440000,412000,434300,459022.11,196931714615.77,429024.46380147134,eth,krw,bithumb
1497657600,456850,458000,430950,436850,310298.77,137518569626.2,443181.1625492425,eth,krw,bithumb
1497744000,445050,463750,442450,456850,300758.12,136166738877.35,452745.012760919,eth,krw,bithumb
1497830400,450200,454850,445000,445050,228082.26,102787321914.35,450658.99432226777,eth,krw,bithumb
1497916800,455150,462000,448550,450200,277384.36,126367728055.11,455569.0452594732,eth,krw,bithumb
1498003200,430950,457000,400400,455150,541745.6,236035555473.61,435694.45782967133,eth,krw,bithumb
1498089600,422700,443000,415250,430950,337404.42,143200390587.12,424417.64866956987,eth,krw,bithumb
1498176000,420500,427750,418000,422700,194387.11,81973603843.36,421702.87856720545,eth,krw,bithumb
1498262400,417300,422300,415750,420500,0.0,0.0,,eth,krw,bithumb
1498348800,417300,417300,417300,417300,0.0,0.0,,eth,krw,bithumb
1498435200,417300,417300,417300,417300,0.0,0.0,,eth,krw,bithumb
1498521600,417300,417300,417300,417300,0.0,0.0,,eth,krw,bithumb
1498608000,417300,417300,417300,417300,0.0,0.0,,eth,krw,bithumb
1498694400,417300,417300,417300,417300,0.0,0.0,,eth,krw,bithumb
1498780800,417300,417300,417300,417300,0.0,0.0,,eth,krw,bithumb
1498867200,417300,417300,417300,417300,0.0,0.0,,eth,krw,bithumb
1498953600,417300,417300,417300,417300,0.0,0.0,,eth,krw,bithumb
1499040000,417300,417300,417300,417300,0.0,0.0,,eth,krw,bithumb
1499126400,417300,417300,417300,417300,0.0,0.0,,eth,krw,bithumb
1499212800,417300,417300,417300,417300,0.0,0.0,,eth,krw,bithumb
1499299200,417300,417300,417300,417300,0.0,0.0,,eth,krw,bithumb
1499385600,417300,417300,417300,417300,0.0,0.0,,eth,krw,bithumb
1499472000,417300,417300,417300,417300,0.0,0.0,,eth,krw,bithumb
1499558400,417300,417300,417300,417300,0.0,0.0,,eth,krw,bithumb
1499644800,417300,417300,417300,417300,0.0,0.0,,eth,krw,bithumb
1499731200,417300,417300,417300,417300,0.0,0.0,,eth,krw,bithumb
1499817600,417300,417300,417300,417300,0.0,0.0,,eth,krw,bithumb
1499904000,417300,417300,417300,417300,0.0,0.0,,eth,krw,bithumb
1499990400,417300,417300,417300,417300,0.0,0.0,,eth,krw,bithumb
1500076800,417300,417300,417300,417300,0.0,0.0,,eth,krw,bithumb
1500163200,417300,417300,417300,417300,0.0,0.0,,eth,krw,bithumb
1500249600,417300,417300,417300,417300,0.0,0.0,,eth,krw,bithumb
1500336000,417300,417300,417300,417300,0.0,0.0,,eth,krw,bithumb
1500422400,417300,417300,417300,417300,0.0,0.0,,eth,krw,bithumb
1500508800,417300,417300,417300,417300,0.0,0.0,,eth,krw,bithumb
1500595200,417300,417300,417300,417300,0.0,0.0,,eth,krw,bithumb
1500681600,417300,417300,417300,417300,0.0,0.0,,eth,krw,bithumb
1500768000,417300,417300,417300,417300,0.0,0.0,,eth,krw,bithumb
1500854400,417300,417300,417300,417300,0.0,0.0,,eth,krw,bithumb
1500940800,417300,417300,417300,417300,0.0,0.0,,eth,krw,bithumb
1501027200,417300,417300,417300,417300,0.0,0.0,,eth,krw,bithumb
1501113600,417300,417300,417300,417300,0.0,0.0,,eth,krw,bithumb
1501200000,417300,417300,417300,417300,0.0,0.0,,eth,krw,bithumb
1501286400,417300,417300,417300,417300,0.0,0.0,,eth,krw,bithumb
1501372800,417300,417300,417300,417300,0.0,0.0,,eth,krw,bithumb
1501459200,417300,417300,417300,417300,0.0,0.0,,eth,krw,bithumb
1501545600,417300,417300,417300,417300,0.0,0.0,,eth,krw,bithumb
1501632000,417300,417300,417300,417300,0.0,0.0,,eth,krw,bithumb
1501718400,417300,417300,417300,417300,0.0,0.0,,eth,krw,bithumb
1501804800,417300,417300,417300,417300,0.0,0.0,,eth,krw,bithumb
1501891200,417300,417300,417300,417300,0.0,0.0,,eth,krw,bithumb
1501977600,417300,417300,417300,417300,0.0,0.0,,eth,krw,bithumb
1502064000,417300,417300,417300,417300,0.0,0.0,,eth,krw,bithumb
1502150400,417300,417300,417300,417300,0.0,0.0,,eth,krw,bithumb
1502236800,417300,417300,417300,417300,0.0,0.0,,eth,krw,bithumb
1502323200,417300,417300,417300,417300,0.0,0.0,,eth,krw,bithumb
1502409600,417300,417300,417300,417300,0.0,0.0,,eth,krw,bithumb
1502496000,417300,417300,417300,417300,0.0,0.0,,eth,krw,bithumb
1502582400,417300,417300,417300,417300,0.0,0.0,,eth,krw,bithumb
1502668800,417300,417300,417300,417300,0.0,0.0,,eth,krw,bithumb
1502755200,417300,417300,417300,417300,0.0,0.0,,eth,krw,bithumb
1502841600,417300,417300,417300,417300,0.0,0.0,,eth,krw,bithumb
1502928000,417300,417300,417300,417300,0.0,0.0,,eth,krw,bithumb
1503014400,417300,417300,417300,417300,0.0,0.0,,eth,krw,bithumb
1503100800,417300,417300,417300,417300,0.0,0.0,,eth,krw,bithumb
1503187200,417300,417300,417300,417300,0.0,0.0,,eth,krw,bithumb
1503273600,417300,417300,417300,417300,0.0,0.0,,eth,krw,bithumb
1503360000,417300,417300,417300,417300,0.0,0.0,,eth,krw,bithumb
1503446400,417300,417300,417300,417300,0.0,0.0,,eth,krw,bithumb
1503532800,417300,417300,417300,417300,0.0,0.0,,eth,krw,bithumb
1503619200,417300,417300,417300,417300,0.0,0.0,,eth,krw,bithumb
1503705600,417300,417300,417300,417300,0.0,0.0,,eth,krw,bithumb
1503792000,417300,417300,417300,417300,0.0,0.0,,eth,krw,bithumb
1503878400,417300,417300,417300,417300,0.0,0.0,,eth,krw,bithumb
1503964800,417300,417300,417300,417300,0.0,0.0,,eth,krw,bithumb
1504051200,417300,417300,417300,417300,0.0,0.0,,eth,krw,bithumb
1504137600,417300,417300,417300,417300,0.0,0.0,,eth,krw,bithumb
1504224000,417300,417300,417300,417300,0.0,0.0,,eth,krw,bithumb
1504310400,417300,417300,417300,417300,0.0,0.0,,eth,krw,bithumb
1504396800,417300,417300,417300,417300,0.0,0.0,,eth,krw,bithumb
1504483200,417300,417300,417300,417300,0.0,0.0,,eth,krw,bithumb
1504569600,417300,417300,417300,417300,0.0,0.0,,eth,krw,bithumb
1504656000,417300,417300,417300,417300,0.0,0.0,,eth,krw,bithumb
1504742400,417300,417300,417300,417300,0.0,0.0,,eth,krw,bithumb
1504828800,417300,417300,417300,417300,0.0,0.0,,eth,krw,bithumb
1504915200,417300,417300,417300,417300,0.0,0.0,,eth,krw,bithumb
1505001600,417300,417300,417300,417300,0.0,0.0,,eth,krw,bithumb
1505088000,417300,417300,417300,417300,0.0,0.0,,eth,krw,bithumb
1505174400,417300,417300,417300,417300,0.0,0.0,,eth,krw,bithumb
1505260800,417300,417300,417300,417300,0.0,0.0,,eth,krw,bithumb
1505347200,417300,417300,417300,417300,0.0,0.0,,eth,krw,bithumb
1505433600,417300,417300,417300,417300,0.0,0.0,,eth,krw,bithumb
1505520000,417300,417300,417300,417300,0.0,0.0,,eth,krw,bithumb
1505606400,417300,417300,417300,417300,0.0,0.0,,eth,krw,bithumb
1505692800,325200,327500,285350,285600,679324.95,214062354656.26,315110.39695547766,eth,krw,bithumb
1505779200,318000,327700,301550,325200,391838.1,124277634198.48,317165.77381954435,eth,krw,bithumb
1505865600,319050,325500,313000,318000,252296.26,80600712757.37,319468.519895499,eth,krw,bithumb
1505952000,292100,324950,289950,319050,398957.4,123745774437.17,310172.901761366,eth,krw,bithumb
1506038400,302000,309000,290650,292100,300446.08,89885872235.15,299174.7212516469,eth,krw,bithumb
1506124800,324100,324900,296900,302000,357936.56,112067843597.07,313094.151648186,eth,krw,bithumb
1506211200,318000,332150,315200,324100,537709.9,174091356850.19,323764.4626780909,eth,krw,bithumb
1506297600,324100,325900,318000,318000,304710.49,98268484298.99,322497.8710086089,eth,krw,bithumb
1506384000,321000,328250,321000,324100,155714.97,50566408692.09,324736.9773894571,eth,krw,bithumb
1506470400,339400,341000,320000,321000,236500.17,77907279364.21,329417.43493972963,eth,krw,bithumb
1506556800,330900,344600,325000,339400,255853.91,86144105374.17,336692.54995622305,eth,krw,bithumb
1506643200,327450,334000,315000,330900,210566.05,68195514743.62,323867.5690768764,eth,krw,bithumb
1506729600,339150,339500,326400,327450,127673.82,42615925577.87,333787.5030125205,eth,krw,bithumb
1506816000,341500,343350,334250,339150,136234.51,46180241383.97,338976.0889804646,eth,krw,bithumb
1506902400,338950,344150,337200,341500,110574.25,37745972352.79,341363.13249052106,eth,krw,bithumb
1506988800,337400,342450,329400,338950,100965.58,33886045093.72,335619.7735279687,eth,krw,bithumb
1507075200,338950,339900,334050,337400,64490.18,21786416873.22,337825.3382642133,eth,krw,bithumb
1507161600,337150,339500,333250,338950,74953.85,25278584584.67,337255.3189018309,eth,krw,bithumb
1507248000,354050,356250,336500,337150,123766.87,42732874122.57,345269.08632794867,eth,krw,bithumb
1507334400,353450,359750,348500,354050,202539.14,71684099585.86,353927.1450735892,eth,krw,bithumb
1507420800,351750,355400,350200,353450,109161.11,38495628375.26,352649.66044464003,eth,krw,bithumb
1507507200,341600,353900,335000,351750,184908.97,64041341501.45,346339.83143949154,eth,krw,bithumb
1507593600,346000,351500,336500,341600,148409.76,51157353244.46,344703.4295080054,eth,krw,bithumb
1507680000,347950,349000,343950,346000,68056.19,23596206515.13,346716.53695468407,eth,krw,bithumb
1507766400,352050,354850,346950,347950,173825.84,61104410412.78,351526.622352465,eth,krw,bithumb
1507852800,384750,397500,347000,352050,473225.87,178271025117.87,376714.45375095407,eth,krw,bithumb
1507939200,383750,395950,376300,384750,275554.61,106686343009.17,387169.50882864924,eth,krw,bithumb
1508025600,380500,387400,357150,383750,333188.98,125075628053.95,375389.4503172044,eth,krw,bithumb
1508112000,373550,394900,372300,380500,328033.26,125888353538.17,383767.0409950808,eth,krw,bithumb
1508198400,360750,375950,353500,373550,215360.55,79120583128.88,367386.6134205174,eth,krw,bithumb
1508284800,357850,362950,332350,360750,258502.19,89875712659.28,347678.7282122445,eth,krw,bithumb
1508371200,350600,361350,348000,357850,128399.37,45399088128.0,353577.1875516212,eth,krw,bithumb
1508457600,347300,353200,345800,350600,96231.1,33633220978.82,349504.69212988316,eth,krw,bithumb
1508544000,343300,348800,337750,347300,95534.68,32776802576.13,343088.0029757781,eth,krw,bithumb
1508630400,341350,352200,340100,343300,85770.45,29555972553.61,344593.8846492003,eth,krw,bithumb
1508716800,336600,342950,325000,341350,130792.53,43565750116.52,333090.5069006617,eth,krw,bithumb
1508803200,342900,358000,332000,336600,233278.88,81772029051.41,350533.35754788434,eth,krw,bithumb
1508889600,341700,348300,334500,342900,98408.35,33626934121.49,341708.138806209,eth,krw,bithumb
1508976000,339900,344700,338650,341700,81536.24,27824115228.64,341248.4464409936,eth,krw,bithumb
1509062400,342050,346400,338150,339900,92715.3,31715865041.88,342078.00699431484,eth,krw,bithumb
1509148800,340450,352550,338600,342050,121955.65,41789903558.7,342664.760170603,eth,krw,bithumb
1509235200,344400,363000,340000,340450,262859.38,91371463343.0,347605.8695071106,eth,krw,bithumb
1509321600,347900,355000,343350,344400,151079.26,52592048247.47,348108.98761001346,eth,krw,bithumb
1509408000,347600,353550,346500,347900,149506.48,52244597962.68,349447.04712919466,eth,krw,bithumb
1509494400,331900,350100,328600,347600,253953.09,86769948543.26,341677.07328648766,eth,krw,bithumb
1509580800,335100,339900,324200,331900,308897.89,102373717387.27,331416.04621277924,eth,krw,bithumb
1509667200,343550,349800,329900,335100,248829.22,83808117344.14,336809.7900404944,eth,krw,bithumb
1509753600,338200,345800,325000,343550,156879.15,52948715687.2,337512.7649990454,eth,krw,bithumb
1509840000,336200,340900,333100,338200,90453.1,30454993919.97,336693.7553270148,eth,krw,bithumb
1509926400,341550,349900,333600,336200,189799.67,64785703313.15,341337.2811088133,eth,krw,bithumb
1510012800,338050,349500,334150,341550,181496.35,61947365766.02,341314.6642674632,eth,krw,bithumb
1510099200,344800,356000,334900,338050,298116.07,102059146824.38,342347.0154573687,eth,krw,bithumb
1510185600,362800,369850,342400,344800,402004.37,143551993587.54,357090.6296056931,eth,krw,bithumb
1510272000,340900,368000,333050,362800,371107.21,129951773959.11,350173.131799595,eth,krw,bithumb
1510358400,353950,359500,338000,340900,277582.23,96186023336.35,346513.6198968861,eth,krw,bithumb
1510444800,359350,373500,341150,353950,318641.62,112902287056.7,354323.7291371416,eth,krw,bithumb
1510531200,358900,449950,355100,359350,376765.57,138563304032.58,367770.6113979045,eth,krw,bithumb
1510617600,382500,393300,358900,358900,356314.97,133346195801.54,374236.8607233651,eth,krw,bithumb
1510704000,378400,386500,374300,382500,214254.97,81409309126.38,379964.6240476009,eth,krw,bithumb
1510790400,364450,378900,360050,378400,242413.49,89492345552.27,369172.29957899626,eth,krw,bithumb
1510876800,366200,370200,361200,364450,170471.5,62308354721.49,365505.9920367334,eth,krw,bithumb
1510963200,381500,385850,363200,366200,205100.78,76104570359.97,371059.3902176774,eth,krw,bithumb
1511049600,386700,414150,377000,381500,389166.93,152179254425.58,391038.50480198814,eth,krw,bithumb
1511136000,396200,407400,383550,386700,193840.09,76266818577.8,393452.24498090154,eth,krw,bithumb
1511222400,394300,408100,380400,396200,259856.46,102793515468.38,395578.06439901475,eth,krw,bithumb
1511308800,416400,418900,393700,394300,192193.41,77680072139.81,404176.5643255406,eth,krw,bithumb
1511395200,447900,470000,410100,416400,498521.78,217876504767.59,437045.10717182705,eth,krw,bithumb
1511481600,525500,534500,445000,447900,493652.15,237594749807.68,481299.93925414886,eth,krw,bithumb
1511568000,517600,544500,494200,525500,311871.29,162302599046.09,520415.3259701783,eth,krw,bithumb
1511654400,519400,521700,502500,517600,213735.14,109772278399.53,513590.2238608494,eth,krw,bithumb
1511740800,543600,556500,518500,519400,290543.2,156261006367.63,537823.6570934374,eth,krw,bithumb
1511827200,560700,562000,537000,543600,228420.11,125080735033.9,547590.7311046299,eth,krw,bithumb
1511913600,474300,634000,458800,560700,443454.57,247986879141.05,559215.9736702003,eth,krw,bithumb
1512000000,519700,541900,445500,474300,362486.12,181398583661.59,500429.04721866315,eth,krw,bithumb
1512086400,530600,541900,493000,519700,203542.82,105245162540.39,517066.4459713686,eth,krw,bithumb
1512172800,539000,549500,521100,530600,143571.1,77361901911.05,538840.3509553802,eth,krw,bithumb
1512259200,540900,546600,532000,539000,127222.3,68800676612.5,540791.0139378081,eth,krw,bithumb
1512345600,546100,550000,535900,540900,115234.58,62532662755.44,542655.3622657366,eth,krw,bithumb
1512432000,566200,573000,545500,546100,141845.68,78685852342.87,554728.5778662417,eth,krw,bithumb
1512518400,550600,567500,534000,566200,165603.53,91814938749.12,554426.2175396865,eth,krw,bithumb
1512604800,565000,570000,530000,550600,223827.52,124059576404.52,554264.1780801575,eth,krw,bithumb
1512691200,552500,595100,520000,565000,193962.08,107711832531.32,555324.1774439623,eth,krw,bithumb
1512777600,553200,588000,521800,552500,169511.84,94228309240.9,555880.398920217,eth,krw,bithumb
1512864000,501600,554500,454000,553200,171524.49,85343798011.8,497560.42423912766,eth,krw,bithumb
1512950400,584900,588100,500700,501600,170515.53,91970180539.93,539365.4204982384,eth,krw,bithumb
1513036800,701900,788700,562500,584900,464990.83,298942969113.0,642900.7838993297,eth,krw,bithumb
1513123200,777900,815000,640000,701900,360777.53,264501261705.13,733142.2821846193,eth,krw,bithumb
1513209600,796300,847600,752100,777900,345967.39,277715220484.08,802720.8011832561,eth,krw,bithumb
1513296000,773800,796800,715200,796300,224189.94,170815429801.01,761922.8133118284,eth,krw,bithumb
1513382400,786800,818100,772000,773800,158675.89,125130702525.18,788593.0403489779,eth,krw,bithumb
1513468800,815400,829900,785000,786800,174394.4,141498524492.16,811370.8037193855,eth,krw,bithumb
1513555200,910500,938500,784200,815400,236054.45,200598043858.73,849795.6461262645,eth,krw,bithumb
1513641600,1010600,1050000,895000,910500,237619.37,232868473378.03,980006.273806845,eth,krw,bithumb
1513728000,1065000,1100000,939500,1010600,260989.47,267484621958.15,1024886.643733749,eth,krw,bithumb
1513814400,1097000,1230600,980000,1065000,244303.85,267784527667.32,1096112.5977643004,eth,krw,bithumb
1513900800,923700,1113400,755000,1097000,285768.62,266078551786.46,931097.8643717424,eth,krw,bithumb
1513987200,973800,1009700,900500,923700,181483.91,174803030982.97,963187.4857830097,eth,krw,bithumb
1514073600,965000,980000,880000,973800,155184.66,144467138004.33,930936.975370697,eth,krw,bithumb
1514160000,1025200,1063400,960000,965000,243863.56,245599084493.29,1007116.7848664639,eth,krw,bithumb
1514246400,1026500,1055000,1014700,1025200,160565.44,166443022842.7,1036605.5288279969,eth,krw,bithumb
1514332800,1047900,1050000,1024600,1026500,124282.58,128871280527.12,1036921.5100549087,eth,krw,bithumb
1514419200,963800,1048800,856600,1047900,152740.48,148137980508.7,969867.1924345138,eth,krw,bithumb
1514505600,984500,993400,932800,963800,125999.11,121251571382.64,962320.8559381095,eth,krw,bithumb
1514592000,1001900,1020700,951000,984500,117888.38,116449617617.88,987795.5538779988,eth,krw,bithumb
1514678400,1027000,1030000,983800,1001900,85961.08,87036288252.99,1012508.0821807963,eth,krw,bithumb
1514764800,1046200,1077000,1015700,1027000,101630.54,106461847166.02,1047537.9464285048,eth,krw,bithumb
1514851200,1163000,1249400,1041000,1046200,244668.1,286626229564.5,1171489.988128816,eth,krw,bithumb
1514937600,1277200,1315700,1148000,1163000,174761.32,210740911771.13,1205878.461956742,eth,krw,bithumb
1515024000,1400900,1479900,1250000,1277200,184693.73,248495475361.21,1345446.1900856623,eth,krw,bithumb
1515110400,1489500,1570000,1384900,1400900,199105.12,293717703987.17,1475189.1060720587,eth,krw,bithumb
1515196800,1549500,1553300,1449000,1489500,126943.17,189948978039.9,1496330.8229966213,eth,krw,bithumb
1515283200,1775100,1798800,1510000,1549500,147510.3,243545713575.59,1651042.087065039,eth,krw,bithumb
1515369600,1842200,1995000,1560000,1775100,217389.37,406575742872.0,1870265.0588296936,eth,krw,bithumb
1515456000,2049100,2160900,1730900,1842200,243756.45,461622823508.06,1893787.1121279458,eth,krw,bithumb
1515542400,1778900,2348700,1605000,2049100,271323.23,552884231981.32,2037732.7513804107,eth,krw,bithumb
1515628800,1649900,1977100,1520000,1778900,246139.37,430507254237.93,1749038.5802073434,eth,krw,bithumb
1515715200,1872300,1896000,1555000,1649900,229691.8,395888633295.3,1723564.5038059696,eth,krw,bithumb
1515801600,2020700,2100000,1825000,1872300,186061.43,361588160970.8,1943380.5328208,eth,krw,bithumb
1515888000,1899800,2034100,1777000,2020700,150601.61,285152875757.96,1893425.1483630224,eth,krw,bithumb
1515974400,1786300,1999700,1750100,1899800,146716.09,272886936160.41,1859965.9802848483,eth,krw,bithumb
1516060800,1312400,1796500,1004900,1786300,249750.07,370569632682.98,1483761.87715575,eth,krw,bithumb
1516147200,1344000,1470600,986000,1312400,256293.45,302212196966.9,1179164.730768188,eth,krw,bithumb
1516233600,1335000,1490000,1207000,1344000,221252.06,294395685787.33,1330589.5808939813,eth,krw,bithumb
1516320000,1378000,1408000,1307000,1335000,125972.39,170150251672.57,1350694.7964754023,eth,krw,bithumb
1516406400,1510000,1525000,1368000,1378000,148863.36,217513166779.5,1461159.8635117467,eth,krw,bithumb
1516492800,1325000,1528000,1250000,1510000,116032.86,156107103864.46,1345369.7845977424,eth,krw,bithumb
1516579200,1289000,1350000,1172000,1325000,100427.8,127697942463.32,1271539.777465204,eth,krw,bithumb
1516665600,1186000,1294000,1118000,1289000,114676.22,137788357229.55,1201542.544997995,eth,krw,bithumb
1516752000,1262000,1333000,1143000,1186000,128473.29,154678530489.26,1203974.2306689587,eth,krw,bithumb
1516838400,1214000,1309000,1176000,1262000,122048.32,151796300469.84,1243739.36871757,eth,krw,bithumb
1516924800,1214000,1249000,1091000,1214000,124513.06,147965032297.87,1188349.4976179206,eth,krw,bithumb
1517011200,1248000,1266000,1175000,1214000,78034.16,95105598957.22,1218768.792503437,eth,krw,bithumb
1517097600,1392000,1442000,1238000,1248000,219221.52,296710870451.12,1353475.1079689623,eth,krw,bithumb
1517184000,1342000,1417000,1302000,1392000,116190.7,157583175120.44,1356246.0258905403,eth,krw,bithumb
1517270400,1225000,1353000,1200000,1342000,121153.27,156562199718.38,1292265.5716876648,eth,krw,bithumb
1517356800,1256000,1258000,1118000,1225000,102504.5,123994177614.18,1209646.1873788955,eth,krw,bithumb
1517443200,1134000,1305000,1100000,1256000,164062.34,201253852130.94,1226691.3426380486,eth,krw,bithumb
1517529600,980000,1138000,744000,1134000,249638.89,238209318934.11,954215.5828929938,eth,krw,bithumb
1517616000,1005000,1059000,878000,980000,138027.47,133777884019.97,969212.0272868148,eth,krw,bithumb
1517702400,907000,1048000,881000,1005000,114943.28,111888732903.96,973425.6139546393,eth,krw,bithumb
1517788800,787000,935000,753000,907000,143014.82,120835680894.25,844917.1973523443,eth,krw,bithumb
1517875200,872000,891000,620000,787000,277085.81,206021738030.96,743530.4537282512,eth,krw,bithumb
1517961600,830000,922000,790000,872000,184163.27,159330493248.55,865158.9062713211,eth,krw,bithumb
1518048000,937000,949000,829000,830000,157360.32,142536999752.36,905800.1391479122,eth,krw,bithumb
1518134400,1009000,1014000,899000,937000,121645.22,115277754554.03,947655.4405839375,eth,krw,bithumb
1518220800,989000,1067000,950000,1009000,130822.15,132664673127.93,1014084.1832054434,eth,krw,bithumb
1518307200,933000,994000,899000,989000,84429.32,79762864656.64,944729.4453708734,eth,krw,bithumb
1518393600,987000,995000,933000,933000,59497.15,57993302114.91,974724.0349312531,eth,krw,bithumb
1518480000,971000,989000,950000,987000,37853.93,36602705848.45,966945.9907716318,eth,krw,bithumb
1518566400,1018000,1034000,970000,971000,80238.43,80207848711.83,999618.8698087689,eth,krw,bithumb
1518652800,1051000,1079000,1007000,1018000,81309.1,85097812554.27,1046596.4148449558,eth,krw,bithumb
1518739200,1058000,1087000,1040000,1051000,62247.09,66011623622.48,1060477.262832367,eth,krw,bithumb
1518825600,1084000,1090000,1054000,1058000,59167.39,63654337971.73,1075834.8132599732,eth,krw,bithumb
1518912000,1049000,1114000,1020000,1084000,85551.16,91526445157.0,1069844.5837204312,eth,krw,bithumb
1518998400,1067000,1074000,1048000,1049000,50590.39,53771094335.55,1062871.7101321022,eth,krw,bithumb
1519084800,1064000,1105000,1061000,1067000,79581.5,86241244843.06,1083684.5855262843,eth,krw,bithumb
1519171200,1026000,1087000,993000,1064000,86565.89,90658947712.15,1047282.5695218982,eth,krw,bithumb
1519257600,957000,1038000,944000,1026000,78589.49,77741537039.28,989210.3516549096,eth,krw,bithumb
1519344000,1015000,1030000,925000,957000,74270.18,73764610781.13,993192.8370327096,eth,krw,bithumb
1519430400,993000,1031000,966000,1015000,45064.3,44963244949.15,997757.5364346056,eth,krw,bithumb
1519516800,983000,1000000,950000,993000,31998.83,31466085348.19,983351.1209062955,eth,krw,bithumb
1519603200,989000,1001000,963000,983000,47486.49,46798430718.33,985510.4202970151,eth,krw,bithumb
1519689600,982000,1000000,972000,989000,37368.03,36863405796.42,986495.8306985945,eth,krw,bithumb
1519776000,977000,994000,970000,982000,33789.52,33234146155.72,983563.7249573242,eth,krw,bithumb
1519862400,974000,982000,960000,977000,25743.0,24978006200.34,970283.4246334926,eth,krw,bithumb
1519948800,965000,981000,958000,974000,28518.19,27675367300.26,970446.1363172067,eth,krw,bithumb
1520035200,956000,968000,951000,965000,19986.25,19185453206.14,959932.6139791106,eth,krw,bithumb
1520121600,947000,968000,927000,956000,33023.96,31255217355.44,946440.6253956219,eth,krw,bithumb
1520208000,941000,953000,941000,947000,37265.84,35260029029.19,946175.6136233613,eth,krw,bithumb
1520294400,911000,945000,905000,941000,39089.56,36353063902.56,929994.1954465591,eth,krw,bithumb
1520380800,841000,923000,822000,911000,57408.49,50098305645.25,872663.7061042713,eth,krw,bithumb
1520467200,787000,864000,782000,841000,44656.32,36968187112.07,827837.7419382072,eth,krw,bithumb
1520553600,815000,820000,711000,787000,63226.16,48391386672.24,765369.6930549,eth,krw,bithumb
1520640000,766000,839000,760000,815000,40844.2,32950467847.76,806735.5425681003,eth,krw,bithumb
1520726400,793000,803000,749000,766000,41433.92,32318666340.26,780005.0379075888,eth,krw,bithumb
1520812800,779000,813000,758000,793000,40471.37,31975746807.77,790083.1330337964,eth,krw,bithumb
1520899200,763000,785000,751000,779000,33810.98,26040103855.57,770167.0834613489,eth,krw,bithumb
1520985600,681000,776000,654000,763000,53212.99,38568211522.63,724789.4080492376,eth,krw,bithumb
1521072000,672000,691000,625000,681000,70954.8,46910961504.67,661138.6615799072,eth,krw,bithumb
1521158400,660000,679000,645000,672000,49433.45,32872183393.51,664978.5397035812,eth,krw,bithumb
1521244800,604000,669000,592000,660000,36325.86,23119127237.22,636437.1617690538,eth,krw,bithumb
1521331200,589000,620000,501000,604000,108543.78,60294385143.71,555484.4795686128,eth,krw,bithumb
1521417600,630000,631000,569000,589000,146588.11,87877824539.69,599488.0794880977,eth,krw,bithumb
1521504000,615000,632000,569000,630000,137401.2,83000584515.97,604074.6697697691,eth,krw,bithumb
1521590400,625000,658000,608000,615000,121163.69,76901819936.19,634693.6110660711,eth,krw,bithumb
1521676800,607000,637000,579000,625000,89706.71,54793899804.84,610811.6082380012,eth,krw,bithumb
1521763200,602000,607000,569000,607000,80131.13,46750584173.49,583425.9940361504,eth,krw,bithumb
1521849600,583000,606000,581000,602000,50379.21,29925018747.55,593995.3950756671,eth,krw,bithumb
1521936000,586000,598000,575000,583000,37777.28,22003204045.67,582445.428725149,eth,krw,bithumb
1522022400,541000,593000,523000,586000,69299.21,38303938842.64,552732.6912188465,eth,krw,bithumb
1522108800,497000,546000,495000,541000,90624.19,46262722709.03,510489.77882207825,eth,krw,bithumb
1522195200,490000,511000,486000,497000,69597.8,34603604149.95,497193.9364455485,eth,krw,bithumb
1522281600,425000,492000,423000,490000,117059.53,53122441758.57,453807.0651622299,eth,krw,bithumb
1522368000,437000,456000,406000,425000,127925.43,54759729516.9,428059.76510612475,eth,krw,bithumb
1522454400,436000,464000,431000,437000,91235.88,40609175944.82,445100.93994621414,eth,krw,bithumb
1522540800,415000,441000,395000,436000,71821.66,29826228784.38,415281.80752686586,eth,krw,bithumb
1522627200,420000,434000,409000,415000,64516.54,27216171064.35,421847.9643258922,eth,krw,bithumb
1522713600,454000,457000,415000,420000,84933.53,37069527866.04,436453.39909974305,eth,krw,bithumb
1522800000,417000,455000,406000,454000,86676.95,37049604100.1,427444.7139649007,eth,krw,bithumb
1522886400,416500,425000,401000,417000,79687.52,33054096373.49,414796.39940469974,eth,krw,bithumb
1522972800,406000,422000,400000,416500,55665.97,22713305178.0,408028.55277649884,eth,krw,bithumb
1523059200,419500,427500,404500,406000,44833.91,18709051912.51,417296.9056794287,eth,krw,bithumb
1523145600,433000,436000,418500,419500,40628.68,17383095416.88,427852.8226090535,eth,krw,bithumb
1523232000,438500,466000,425000,433000,127020.31,56358654988.14,443697.9801745091,eth,krw,bithumb
1523318400,449000,453000,427500,438500,59598.18,26073570876.7,437489.3809961982,eth,krw,bithumb
1523404800,459000,462000,443500,449000,85342.4,38481289153.13,450904.69863901177,eth,krw,bithumb
1523491200,508000,518000,442000,459000,174871.63,82816148737.16,473582.52872212604,eth,krw,bithumb
1523577600,525000,555500,496000,508000,161713.17,84915437218.03,525099.0826413828,eth,krw,bithumb
1523664000,523000,543000,503500,525000,70014.74,36676047620.85,523833.2331284812,eth,krw,bithumb
1523750400,553000,553500,517500,523000,64239.1,34457208741.15,536389.9671874295,eth,krw,bithumb
1523836800,549000,562500,532000,553000,72781.56,39675836043.95,545135.8289647817,eth,krw,bithumb
1523923200,541000,550000,539000,549000,55081.54,30002160706.88,544686.3088228833,eth,krw,bithumb
