time,close,high,low,open,volumefrom,volumeto
1460851200,9.44,10,8.48,8.48,50714.8,458284.97
1460937600,8.91,9.51,8.46,9.44,49747.88,447653.87
1461024000,8.76,9.25,8.55,8.91,36403.38,324578.12
1461110400,8.54,8.91,8.35,8.76,31546.32,270569.75
1461196800,8.16,8.7,8,8.54,22960.71,192624.07
1461283200,7.82,8.35,7.65,8.16,19376.23,153534.22
1461369600,8.33,8.55,7.72,7.82,11333,92994.05
1461456000,8,8.45,7.81,8.33,27824.91,223626.35
1461542400,7.44,8.1,7.27,8,34918.47,266048.36
1461628800,7.5,7.6,7.1,7.44,33876.48,248541.05
1461715200,7.77,7.99,7.34,7.5,19204.2,147344.88
1461801600,7.3,7.79,7.25,7.77,12512.65,93150.76
1461888000,7.55,7.73,7.22,7.3,9350.54,70359.25
1461974400,8.85,9.42,7.49,7.55,62578.54,535265.77
1462060800,8.79,9.1,8.43,8.85,15618.19,135626.09
1462147200,10.03,10.45,8.79,8.79,53695.75,523354.18
1462233600,9.4,10.15,8.43,10.03,39118.67,372361.08
1462320000,9.47,10,9.22,9.4,25766.86,249154.96
1462406400,9.8,10,9.27,9.47,27094.8,264589.83
1462492800,9.31,9.97,9.14,9.8,33325.85,316636.64
1462579200,9.46,9.64,9.25,9.31,5428.56,51529.48
1462665600,9.54,9.61,8.98,9.46,13492.04,125105.91
1462752000,9.32,9.67,9.21,9.54,7342.75,69459.12
1462838400,9.41,9.53,9.25,9.32,9178.76,86619.67
1462924800,9.95,10,9.38,9.41,26675.88,261812.75
1463011200,10.12,10.55,9.87,9.95,40210.17,407447.62
1463097600,10.47,11.09,10.05,10.12,31370.76,335180.72
1463184000,10.13,10.69,9.73,10.47,26818.76,274509.08
1463270400,9.93,10.48,9.9,10.13,18635.32,188613.95
1463356800,11.01,11.41,9.93,9.93,44651.47,480537.29
1463443200,12.4,12.5,11,11.01,39971.72,475019.31
1463529600,13.29,14.3,12.14,12.4,75208.38,979965.45
1463616000,14.3,14.3,12.85,13.29,50825.49,705030.65
1463702400,13.66,14.85,13.25,14.3,55994.43,798434.59
1463788800,14,14,12.81,13.66,31304.45,419898.92
1463875200,14.2,14.23,13.73,14,30543.85,429470.25
1463961600,13.4,14.38,13.21,14.2,44618.93,621575.62
1464048000,12.59,13.81,11.8,13.4,54428.81,695701.09
1464134400,12.53,12.91,11.8,12.59,41369.94,510567.68
1464220800,12.34,12.9,12,12.53,23236.26,286944.39
1464307200,11.11,12.35,10.4,12.34,80761.51,912068.74
1464393600,11.5,12.2,10.29,11.11,50944.65,583274.14
1464480000,12.37,12.4,11.49,11.5,19445.42,234623.02
1464566400,12.42,12.76,12,12.37,19670.29,244848.41
1464652800,13.88,14.4,12.42,12.42,52115.18,710595.52
1464739200,13.85,14.3,13.44,13.88,45008.82,622677.9
1464825600,13.71,14.09,13.62,13.85,22513.28,312793.95
1464912000,13.82,13.95,13.01,13.71,24584.23,332509.44
1464998400,13.65,13.9,13.3,13.82,21090.73,288472.71
1465084800,13.96,13.96,13.57,13.65,13370.38,184825.24
1465171200,13.96,13.96,13.77,13.96,17726.51,246481.87
1465257600,14.42,14.67,13.76,13.96,29114.64,413946.15
1465344000,14.44,14.77,14.32,14.42,28626.05,417504.66
1465430400,14.42,14.8,14.35,14.44,10889.01,158260.35
1465516800,14,14.49,13.8,14.42,30219.56,427271.63
1465603200,14.06,14.19,13.77,14,12112.96,168480.78
1465689600,15.7,15.7,14.01,14.06,47379.2,704562.9
1465776000,17.57,17.64,15.56,15.7,85575.8,1432026.16
1465862400,18.85,19.3,16.12,17.57,137749.19,2471430.94
1465948800,18.45,18.87,17.6,18.85,52644.01,959537.37
1466035200,20.74,20.92,18.32,18.45,99486.62,1968618.18
1466121600,15.54,21.49,13.51,20.74,520476.36,8521278.04
1466208000,11.43,15.59,10.1,15.54,383770.02,4730764.64
1466294400,12.44,13.64,10.62,11.43,129357.92,1594124.09
1466380800,11.76,12.74,10.31,12.44,140504.8,1625526.61
1466467200,12.86,12.9,11.11,11.76,108559.67,1315851.91
1466553600,13.34,16.08,12.76,12.86,254062.14,3653411.28
1466640000,13.65,13.93,12.6,13.34,127854.35,1671583.63
1466726400,14.37,15.1,13.16,13.65,112693.87,1579285.37
1466812800,14.44,14.8,14,14.37,39832.59,575273.59
1466899200,13.97,14.51,13.7,14.44,28173.88,395907.4
1466985600,14.04,14.32,13.78,13.97,15255.74,214408.48
1467072000,12.24,14.1,11.33,14.04,160414.1,1994512.66
1467158400,12.86,13.03,11.65,12.24,60849.75,741358.25
1467244800,12.45,12.86,12.21,12.86,32704.49,408208.12
1467331200,12.3,12.67,11.72,12.45,34557.63,420526.64
1467417600,12.01,12.33,11.85,12.3,13651.08,164559.72
1467504000,11.8,12.14,11.53,12.01,15063.21,179038.85
1467590400,11.39,11.9,10.5,11.8,52406.29,592310.12
1467676800,10.5,11.4,9.31,11.39,144352.02,1454517.69
1467763200,10.54,11.1,10.2,10.5,42141.48,447519.94
1467849600,10.15,10.64,9.75,10.54,44144.51,444392.47
1467936000,11.42,11.69,10,10.15,62426.92,675060.66
1468022400,10.95,11.55,10.75,11.42,39597.04,435609.58
1468108800,11.06,11.1,10.75,10.95,9208.14,100617.88
1468195200,10.61,11.06,10.1,11.06,48926.53,516226.87
1468281600,10.58,10.8,10.45,10.61,21435.06,227732.79
1468368000,10.41,10.65,10.37,10.58,20750.85,217775.94
1468454400,11.6,11.77,10.41,10.41,57019.68,636003.4
1468540800,11.87,12.7,11.53,11.6,76830.75,927238.32
1468627200,11.66,12.03,11.56,11.87,17815.65,209895.89
1468713600,11.26,11.71,11.03,11.66,27319.48,310099.79
1468800000,11.07,11.7,10.92,11.26,48048.82,547666.33
1468886400,11.7,12.1,11.03,11.07,51475.64,587326.16
1468972800,12.59,13,11.45,11.7,115272.35,1425681.66
1469059200,12.57,12.91,12.03,12.59,56068.66,697027.39
1469145600,14.75,15.24,12.5,12.57,162848.89,2248390.84
1469232000,14.31,15.23,14,14.75,59793.02,872658.9
1469318400,12.65,15,12.2,14.31,162330.9,2145594.85
1469404800,13.78,13.88,12.65,12.65,60972,817229.61
1469491200,12.06,13.82,11.5,13.78,158107.71,1968156.49
1469577600,13.03,13.44,11.75,12.06,70915.17,898505.91
1469664000,12.83,13.1,12.5,13.03,40829.26,521766.27
1469750400,12.86,12.89,12.6,12.83,25038.39,319083.05
1469836800,12.5,12.86,12.5,12.86,7094.46,89544.57
1469923200,11.85,12.52,11.5,12.5,47925.43,574354.48
1470009600,11.03,12.01,9.2,11.85,101125.87,1139833.94
1470096000,8.19,11.15,7,11.03,314223.64,2837913.44
1470182400,10.12,10.5,7.9,8.19,112863.57,1052379.84
1470268800,11.2,11.61,10.12,10.12,82579.37,912908.35
1470355200,10.91,11.32,10.67,11.2,23652.61,259137.03
1470441600,11,11,10.33,10.91,31796.41,339580.82
1470528000,11.01,11.2,10.8,11,34044.34,375097.8
1470614400,11.31,11.5,10.84,11.01,42110.8,469534.88
1470700800,12.26,12.47,11.2,11.31,55928.52,660886.76
1470787200,12.24,12.5,11.9,12.26,47926.61,583830.3
1470873600,11.71,12.48,11.65,12.24,34584.37,411300.22
1470960000,11.83,12.09,11.59,11.71,19316.24,227277.44
1471046400,11.51,11.83,11.45,11.83,10234.97,119035.08
1471132800,11.23,11.72,11.08,11.51,19443.47,219709.92
1471219200,11.22,11.43,10.94,11.23,13008.69,145112.75
1471305600,11.21,11.51,11.02,11.22,12568.55,141512.01
1471392000,10.74,11.21,10.71,11.21,19066.1,208552.2
1471478400,10.75,11.08,10.74,10.74,27276.13,296416.13
1471564800,10.66,10.83,10.66,10.75,5196.72,55907.19
1471651200,11.27,11.38,10.66,10.66,15912.71,177836.79
1471737600,11.15,11.35,11,11.27,4993.28,55655.88
1471824000,11.04,11.34,11.04,11.15,7039.74,78823.67
1471910400,11.07,11.22,10.9,11.04,12404.37,136976.19
1471996800,11.05,11.19,10.8,11.07,15834.13,174134.47
1472083200,11.34,11.34,11,11.05,19464.88,217332.72
1472169600,11.21,11.4,11.15,11.34,14645.3,165153.1
1472256000,11.18,11.3,11.15,11.21,8102.11,90728.56
1472342400,11.02,11.2,11.02,11.18,22029.06,244443.74
1472428800,10.95,11.16,10.84,11.02,12080.61,133183.52
1472515200,11.2,11.35,10.95,10.95,13320.2,149124.35
1472601600,11.55,11.78,11.1,11.2,9355.15,107295.96
1472688000,12.16,12.55,11.55,11.55,44719.94,545602.05
1472774400,12.04,12.34,11.83,12.16,11289.72,135827.93
1472860800,11.89,12.38,11.57,12.04,19935.48,235408.6
1472947200,11.73,11.9,11.47,11.89,14368.33,167620.73
1473033600,11.79,11.84,11.57,11.73,5159.52,60530.02
1473120000,11.75,11.8,11.42,11.79,9399.22,109222.87
1473206400,11.58,11.8,11.45,11.75,7520.26,87801.59
1473292800,11.4,11.84,11.35,11.58,13853.99,158965.68
1473379200,11.94,11.94,11.4,11.4,18791.64,219640.23
1473465600,12.08,12.12,11.45,11.94,16718.06,196498.5
1473552000,11.75,12.24,11.63,12.08,11945.75,141882.88
1473638400,11.94,12.02,11.68,11.75,4703.2,55753.21
1473724800,11.94,12.2,11.82,11.94,25565.17,308964.79
1473811200,12.03,12.12,11.71,11.94,23249.69,278503.88
1473897600,11.95,12.23,11.91,12.03,14424.49,174844.34
1473984000,12.67,12.9,11.95,11.95,31762.56,395234.78
1474070400,12.83,12.83,12.48,12.67,11796.75,149244.91
1474156800,12.22,13.05,12.12,12.83,40976.21,514922.34
1474243200,12.95,13.25,12.21,12.22,27044.48,348485.45
1474329600,14.41,14.45,12.94,12.95,71082.89,974238.17
1474416000,13.77,14.44,13.15,14.41,61044.12,842104.54
1474502400,13.13,13.79,12.3,13.77,41410.25,536475.24
1474588800,13.36,13.49,13.1,13.13,14477.9,192551.14
1474675200,12.9,13.36,12.56,13.36,16576.42,216410.45
1474761600,12.96,13.16,12.82,12.9,4890.91,63375.01
1474848000,12.89,13.2,12.71,12.96,9021.8,116366.09
1474934400,13.05,13.34,12.82,12.89,21462.26,280328.69
1475020800,13.29,13.5,13,13.05,10716.56,142315.87
1475107200,13.15,13.39,13.06,13.29,9437.18,124612.08
1475193600,13.3,13.43,13.06,13.15,7917.01,105098.89
1475280000,13.25,13.32,13.1,13.3,7603.24,100233.92
1475366400,13.15,13.37,13.15,13.25,4346.66,57509.79
1475452800,13.4,13.46,13.14,13.15,10288.64,136997.67
1475539200,13.27,13.51,13.21,13.4,9603.22,128667.73
1475625600,13.07,13.41,13.07,13.27,14670.36,193769.21
1475712000,12.88,13.21,12.65,13.07,16705.67,215675.82
1475798400,12.73,13,12.53,12.88,10966.54,139090.52
1475884800,12.22,12.8,12.04,12.73,29154.21,358782.67
1475971200,12.07,12.39,11.9,12.22,22700.59,277175.96
1476057600,11.71,12.07,11.6,12.07,19681.65,232973.97
1476144000,11.73,12.24,11.71,11.71,26712.51,319225.74
1476230400,11.77,12.09,11.7,11.73,23005.33,272205.41
1476316800,11.99,12.08,11.77,11.77,39634.46,472776.19
1476403200,11.93,12.05,11.84,11.99,14528.44,173220.75
1476489600,11.99,12,11.7,11.93,9173.74,108982.21
1476576000,11.94,12.05,11.84,11.99,7546.04,90207.32
1476662400,12.03,12.03,11.83,11.94,14463.63,172726.89
1476748800,12.46,12.9,12,12.03,22785.06,284937.65
1476835200,12.04,12.66,11.89,12.46,19597.04,238713.24
1476921600,12.15,12.3,12.01,12.04,8798.86,106786.97
1477008000,12.18,12.18,12.05,12.15,4991.18,60434.37
1477094400,12.23,12.29,12.02,12.18,6734.29,81859.85
1477180800,12.08,12.28,12.04,12.23,5630.04,68038.7
1477267200,11.98,12.09,11.93,12.08,7718.19,92759.87
1477353600,11.42,11.98,11.12,11.98,47576.13,547882
1477440000,11.51,11.67,11.3,11.42,6621.12,76360.31
1477526400,11.5,11.57,11.16,11.51,8427.12,95759.17
1477612800,11.12,11.66,10.91,11.5,25236.45,282862.07
1477699200,10.4,11.19,9.24,11.12,70897.61,729829.19
1477785600,11.25,11.42,10.21,10.4,24461.47,267085.46
1477872000,10.9,12,10.9,11.25,32752.29,370823.87
1477958400,10.77,11.17,10.37,10.9,43914.43,470793.84
1478044800,10.87,11.2,10.7,10.77,36806.53,404773.9
1478131200,10.86,11.15,10.7,10.87,30359.19,332622.27
1478217600,11.18,11.23,10.82,10.86,15482.82,170215.58
1478304000,11.08,11.25,11,11.18,5903.01,65496.57
1478390400,11,11.23,10.94,11.08,9340.92,103199.72
1478476800,10.9,11.06,10.82,11,11742.81,128658.69
1478563200,10.89,11.04,10.8,10.9,24426.23,266296.09
1478649600,10.72,10.89,10.2,10.89,29305.91,310099.02
1478736000,10.55,10.72,10.51,10.72,5482.87,57982.1
1478822400,10.27,10.61,10.26,10.55,15424.19,160448.61
1478908800,9.95,10.37,9.56,10.27,29332.46,291866.57
1478995200,10.14,10.37,9.71,9.95,26429.42,266473.36
1479081600,9.94,10.17,9.84,10.14,12240.23,122310.51
1479168000,10.14,10.37,9.85,9.94,15204.35,153374.44
1479254400,10.04,10.37,9.9,10.14,21625.24,220266.74
1479340800,9.91,10.22,9.9,10.04,14629.85,147273.33
1479427200,9.59,10.06,9.4,9.91,25320.14,243790.17
1479513600,9.75,9.77,9.48,9.59,11784.73,113505.56
1479600000,9.5,9.75,9.5,9.75,9059.83,86624.98
1479686400,9.64,9.67,9.49,9.5,10090.2,96420.74
1479772800,9.89,10.3,9.53,9.64,26180.87,258680.95
1479859200,9.78,9.93,9.7,9.89,6677.51,65417.51
1479945600,9.21,9.82,8.67,9.78,54060.9,492370.27
1480032000,9.41,9.79,9.19,9.21,15582.6,146984.48
1480118400,9.29,9.54,9.25,9.41,1805.72,16831.09
1480204800,8.93,9.31,8.6,9.29,48600.25,434327.81
1480291200,8.66,9.11,8.45,8.93,26236.32,227869.73
1480377600,8.17,8.7,7.8,8.66,72602.89,587569.02
1480464000,8.55,8.7,8,8.17,50757.41,427729.97
1480550400,8.43,8.68,8.21,8.55,15217.18,128911.67
1480636800,7.68,8.43,7.36,8.43,56049.55,438564.22
1480723200,7.87,8.14,7.62,7.68,26684.91,210604.56
1480809600,7.57,7.9,7.42,7.87,20749.52,158847.92
1480896000,6.71,7.65,6.55,7.57,48001.39,341376.58
1480982400,7.77,7.9,5.92,6.71,153285.28,1034386.8
1481068800,8.39,8.57,7.27,7.77,41189.52,330648.51
1481155200,8.38,8.9,8.21,8.39,46861.89,399187.75
1481241600,8.49,8.65,8,8.38,41473.46,344653.29
1481328000,8.09,8.66,8.01,8.49,29661.8,248057.23
1481414400,8.23,8.27,8.08,8.09,7635.88,62394.91
1481500800,8.43,8.6,8.13,8.23,29579.89,247075.58
1481587200,8.43,8.52,8.26,8.43,14836.37,124206.09
1481673600,8.2,8.5,8.2,8.43,15623.33,129414.29
1481760000,7.76,8.33,7.73,8.2,43152.31,346001.61
1481846400,7.81,7.95,7.75,7.76,11600.75,90959.54
1481932800,7.71,7.89,7.5,7.81,17169.99,131372.36
1482019200,7.89,7.97,7.7,7.71,24390.84,192294.09
1482105600,7.63,7.9,7.58,7.89,16328.4,126044.11
1482192000,7.64,7.77,7.52,7.63,14367.89,109427.88
1482278400,7.91,7.99,7.6,7.64,24928.86,194350.95
1482364800,7.66,7.91,7.51,7.91,36530.75,278384.74
1482451200,7.19,7.67,7.11,7.66,37317.41,275327.8
1482537600,7.27,7.49,7.11,7.19,12281.73,89920.76
1482624000,7.23,7.32,7.16,7.27,6258.26,45257.9
1482710400,7.26,7.3,7.01,7.23,9529.86,68633.72
1482796800,7.22,7.34,7.07,7.26,9436.23,68077
1482883200,7.53,7.73,7.04,7.22,41702.72,305493.66
1482969600,8.22,8.56,7.53,7.53,109480.67,894767.19
1483056000,8.15,8.5,8.02,8.22,39617.66,327356.91
1483142400,8.08,8.21,7.95,8.15,18575.51,149347.01
1483228800,8.15,8.56,8.05,8.08,29644.16,247268.1
1483315200,8.39,8.48,8.1,8.15,21954.25,181397.21
1483401600,9.68,10.1,8.26,8.39,69354.28,639345.39
1483488000,10.95,10.95,9.42,9.68,111926.78,1172794.44
1483574400,10.24,11.64,9.1,10.95,190355.35,1973329.33
1483660800,10.18,10.5,9.5,10.24,81203.71,816058.42
1483747200,9.87,10.18,9.54,10.18,23737.22,234129.35
1483833600,10.34,10.47,9.76,9.87,27190.48,277608.04
1483920000,10.22,10.84,10.1,10.34,28542.15,300397.03
1484006400,10.5,10.71,10.2,10.22,38133.79,401397.38
1484092800,9.8,10.69,9.6,10.5,72554.33,725855.4
1484179200,9.78,10.19,9.16,9.8,45177.11,434026.68
1484265600,9.8,9.86,9.4,9.78,15887.09,153545.57
1484352000,9.68,9.9,9.6,9.8,4045.46,39526.59
1484438400,9.81,9.88,9.6,9.68,5468.61,53465.18
1484524800,9.6,9.87,9.59,9.81,6960.64,67485.36
1484611200,10.26,10.69,9.6,9.6,40430.7,409820.94
1484697600,10.26,10.5,9.9,10.26,45627.63,467348.76
1484784000,10.44,10.6,10.2,10.26,21423.41,222797.14
1484870400,10.59,10.79,10.25,10.44,28895.89,305420.3
1484956800,10.93,11,10.57,10.59,20342.57,219780.33
1485043200,10.64,11,10.54,10.93,16292.37,176361.31
1485129600,10.79,11.2,10.61,10.64,24302.42,264185.22
1485216000,10.5,10.81,10.45,10.79,16620.05,176088.05
1485302400,10.51,10.67,10.41,10.5,13338.8,140641.62
1485388800,10.69,10.69,10.44,10.51,9388.18,99083.55
1485475200,10.5,10.69,10.38,10.69,22611.78,237370.35
1485561600,10.53,10.6,10.4,10.5,6204.51,65087.81
1485648000,10.43,10.55,10.41,10.53,2086.39,21804.99
1485734400,10.55,10.73,10.42,10.43,13323.02,141224.88
1485820800,10.76,10.77,10.44,10.55,14938.01,158517.71
1485907200,10.68,10.8,10.53,10.76,21969.28,235268.87
1485993600,10.8,10.86,10.56,10.68,13792.49,147812.89
1486080000,10.94,10.94,10.56,10.8,23473.44,252953.38
1486166400,11.33,11.47,10.94,10.94,33013.54,370584.01
1486252800,11.14,11.37,11.14,11.33,8048.09,90421.67
1486339200,11.35,11.36,11.14,11.14,9695.13,109556.44
1486425600,11.45,11.54,11.28,11.35,17280.03,197242.11
1486512000,11.34,11.54,11.11,11.45,20679.78,233417.12
1486598400,10.94,11.5,10.49,11.34,57422.51,624004.13
1486684800,11.34,11.41,10.8,10.94,23238.49,257754.82
1486771200,11.42,11.45,11.25,11.34,25211.77,286017.25
1486857600,11.37,11.42,11.25,11.42,8407.32,95392.32
1486944000,11.3,11.39,11.16,11.37,11017.68,123966.27
1487030400,13.12,13.59,11.3,11.3,110572.75,1379218.3
1487116800,13,13.19,12.6,13.12,45472.38,586002.57
1487203200,12.9,13.03,12.49,13,57710.5,737056.55
1487289600,12.7,12.91,12.67,12.9,16049.07,205363.67
1487376000,12.8,12.91,12.7,12.7,9690.33,124069.28
1487462400,12.81,12.89,12.69,12.8,5570.17,71336.07
1487548800,12.47,12.91,12.43,12.81,22874.78,291067.36
1487635200,12.78,12.84,12.23,12.47,25369.65,319452.58
1487721600,12.7,12.8,12.63,12.78,16677.94,212238.65
1487808000,13.09,13.3,12.63,12.7,30950.6,402787.82
1487894400,13.04,13.3,12.56,13.09,45655.92,591995.3
1487980800,13.57,13.75,13,13.04,32644.98,440319.73
1488067200,14.44,14.47,13.33,13.57,81409.04,1140255.52
1488153600,15.37,15.74,14.25,14.44,58059.6,861962.81
1488240000,15.63,16.06,15.01,15.37,142838.39,2229069.03
1488326400,17.3,17.3,15.45,15.63,83877.38,1361373.14
1488412800,18.99,19.23,16.05,17.3,170836.23,3120827.09
1488499200,19.11,20.49,16.75,18.99,182864.23,3554859.08
1488585600,18.59,19.9,18.35,19.11,45644.34,873746.9
1488672000,19.03,19.47,17.9,18.59,41409.43,771868.61
1488758400,19.5,20,18.8,19.03,47203.77,921362.15
1488844800,18.82,19.79,18.35,19.5,68874.44,1303907.62
1488931200,16.4,18.82,16.4,18.82,80599.01,1419909.69
1489017600,17.6,17.99,15.56,16.4,108778.4,1840072.35
1489104000,19.25,19.76,15.9,17.6,172423.57,3128979.95
1489190400,21.29,21.4,18.65,19.25,116906.88,2354298.55
1489276800,23.3,23.4,21,21.29,122099.18,2711085.07
1489363200,28.2,30.68,23.16,23.3,290618.58,7832642.11
1489449600,28.37,29.83,26.4,28.2,97315.21,2742344.32
1489536000,34.75,34.88,28,28.37,170932.38,5365547.07
1489622400,44.89,45,33.18,34.75,329476.69,13046184.91
1489708800,42.53,51.9,33.1,44.89,269368.37,11724314.99
1489795200,33.2,44,30.3,42.53,177783.42,6456788.79
1489881600,42.36,44.97,32.51,33.2,134592.76,5269231.54
1489968000,41.89,44.74,40.21,42.36,69401.56,2960526.47
1490054400,42.48,43.2,41.02,41.89,46210.51,1950031.42
1490140800,41.25,42.7,37.6,42.48,51561.53,2066423.94
1490227200,42.7,44,40,41.25,50994.35,2143496.67
1490313600,51.99,52.9,42.52,42.7,134749.13,6350401.75
1490400000,50,52.57,46.7,51.99,80939.55,4039973.13
1490486400,50,50.94,47.9,50,38612.37,1898022.65
1490572800,48.72,51.2,48.05,50,43229.47,2146660.14
1490659200,50.24,50.5,48.11,48.72,54043.21,2674637.77
1490745600,53.01,53.98,50,50.24,83582.41,4362687.61
1490832000,51.9,54.98,51.1,53.01,41008.53,2151602.17
1490918400,49.7,51.9,46.6,51.9,73551.46,3630152.61
1491004800,50.64,51.8,48.57,49.7,27022.12,1366040.77
1491091200,48.5,51.27,47.38,50.64,45437.45,2233682.79
1491177600,44.12,48.5,42.61,48.5,85802.79,3890714.32
1491264000,44.75,45.79,41.19,44.12,63498.96,2764178.95
1491350400,45.28,47.19,44.03,44.75,42079.01,1931128.8
1491436800,43.41,45.95,41.01,45.28,43109.99,1881249.06
1491523200,42.24,44.81,41.75,43.41,16291.61,697898.51
1491609600,44.33,45.8,42.07,42.24,22749.65,1013584.2
1491696000,43.94,45,43.21,44.33,19699.58,862402.32
1491782400,43.7,44.8,42.1,43.94,22565.12,978825.7
1491868800,43.95,44.6,43.52,43.7,11969.41,526755.42
1491955200,46.5,47.95,42.72,43.95,41231.55,1869667.25
1492041600,50.09,50.96,46.2,46.5,57721.03,2827821.41
1492128000,47.33,50.09,46.56,50.09,33513.98,1600821.17
1492214400,49.33,49.6,47.05,47.33,11848.52,573943.31
1492300800,48.56,49.33,47.5,49.33,5799.59,280495.5
1492387200,47.8,48.98,47.5,48.56,18665.01,898653.39
1492473600,49.91,50.73,47.61,47.8,36103.05,1779206.86
1492560000,48,50.45,45.28,49.91,28464.52,1389335.58
1492646400,49.31,49.55,47.26,48,27363.74,1324746.57
1492732800,48.2,49.45,48,49.31,21812.29,1064977.96
1492819200,48.2,48.75,47.5,48.2,10995.34,530833.54
1492905600,48.5,48.74,47.6,48.2,14106.39,680656.59
1492992000,49.56,50.34,48.4,48.5,29408.79,1462163.31
1493078400,49.9,50.49,49.55,49.56,23520.96,1176608.55
1493164800,53.24,54.2,49.8,49.9,63406.51,3317303.48
1493251200,63,63.06,52.01,53.24,97947.62,5703426.79
1493337600,71.5,72.25,61.12,63,107921.49,7161065.69
1493424000,68.78,72.44,66.31,71.5,51107.07,3573562.72
1493510400,78.37,78.68,68.34,68.78,53592.5,3971667.27
1493596800,74.4,81.3,70,78.37,126222.71,9702558.21
1493683200,76.54,78,73.09,74.4,50956.5,3880580.11
1493769600,80.4,81.3,75.24,76.54,61625.61,4818980.74
1493856000,94.4,94.98,79.5,80.4,123748.42,10804301.54
1493942400,89.9,97,85,94.4,122431.16,11320923.52
1494028800,92.81,93.79,89.01,89.9,37145.44,3400467.21
1494115200,87.4,94.86,26,92.81,160941.39,10666347.71
1494201600,87.08,91.8,70,87.4,107611.67,9392883.38
1494288000,86.98,88.5,73.15,87.08,98825.48,8131585.85
1494374400,88.41,91.8,85.5,86.98,40363.56,3568563.11
1494460800,88.08,90.25,86.5,88.41,33272.22,2945168.24
1494547200,84.88,90.25,84,88.08,51085.68,4471767.23
1494633600,88.1,88.88,81.75,84.88,34937.9,2991901.37
1494720000,88.34,90,85,88.1,28753.29,2529092.56
1494806400,90.87,94.31,87.99,88.34,50675.31,4627269.63
1494892800,88.03,92.78,87.4,90.87,43417.29,3883101.93
1494979200,87.7,89.35,83.23,88.03,48409.66,4218458.99
1495065600,96.09,96.49,87.68,87.7,76848.58,7193572.29
1495152000,123,129.22,96,96.09,159207.8,17768130.34
1495238400,122.21,128.62,119.56,123,72615.77,9024199.18
1495324800,145.25,145.87,121.14,122.21,91744.36,12364182.74
1495411200,155.6,175.71,133,145.25,188984.35,29748464.26
1495497600,166.95,172.8,150.1,155.6,80020.99,12797131.63
1495584000,185.24,197.67,166,166.95,109205.94,20132370.65
1495670400,168,207.55,160.09,185.24,135492.03,25251375.81
1495756800,158.5,194.25,142.23,168,115982.73,19688987.28
1495843200,151.61,166,110,158.5,194677.01,27331855.6
1495929600,168.29,180,151,151.61,78589.29,13044549.91
1496016000,193.3,197.89,160,168.29,69975.29,12704548.96
1496102400,226.11,230.08,186,193.3,143220.14,29922226.47
1496188800,228.5,235,206.41,226.11,130582.67,29456065.29
1496275200,219,234.58,208.02,228.5,116586.27,25969168.95
1496361600,221.54,227.99,215.5,219,50090.05,11139883.1
1496448000,224.23,226,219.01,221.54,28314.97,6312801.19
1496534400,245.35,249.99,223,224.23,86921.12,20879966.82
1496620800,247.6,249.7,241,245.35,42993.33,10575852.65
1496707200,263.6,268.7,244.6,247.6,92546.52,23758313.4
1496793600,256.19,265,244,263.6,47197.64,12106925.2
1496880000,260.24,262,250,256.19,39399.15,10097710.57
1496966400,279.85,279.93,259.75,260.24,49892.09,13416844.31
1497052800,326,340.44,279,279.85,98521.73,29832577.03
1497139200,333.1,347.44,304.89,326,56142.37,18481202.49
1497225600,385,404.99,305,333.1,137595.72,49584159.19
1497312000,386.13,398,357,385,65937.81,25152293.05
1497398400,347.24,393,322,386.13,108991.46,39417596.26
1497484800,345.99,351.63,265,347.24,207596.75,64619130.87
1497571200,354.17,361.32,315.1,345.99,84423.61,29239732.89
1497657600,368.95,369.9,341.96,354.17,43379.02,15497593.79
1497744000,349.5,381.11,339,368.95,59387.19,21425474.04
1497830400,356.48,362.5,345.97,349.5,38377.4,13630626.68
1497916800,348.5,365.99,307,356.48,72681.25,25319516.13
1498003200,324.48,353.12,288,348.5,102585.51,32417511.01
1498089600,321.6,330,307.42,324.48,54126.39,17387776.64
1498176000,325.5,330.13,316.44,321.6,32306.69,10544897.48
1498262400,302.15,329.79,296,325.5,38567.49,12042703
1498348800,277,308.23,250.02,302.15,111542.6,31008098.78
1498435200,254.49,287,203,277,233443.01,56562067.2
1498521600,283.66,284,208.75,254.49,174778.25,42459823.91
1498608000,316.2,324.5,260,283.66,167137.57,48790859.78
1498694400,293,323.9,285,316.2,101718.59,30802239.84
1498780800,280,305,267.5,293,91097.72,26175265.73
1498867200,256,281.83,250.56,280,109886.07,29086079.27
1498953600,284,294.75,250,256,103395.54,28120289.53
1499040000,276.1,286.51,271,284,55459.2,15429458.38
1499126400,268.4,284.43,262.12,276.1,47278.59,12986694.23
1499212800,266.3,277.45,253.81,268.4,72121.78,19003329.66
1499299200,266.49,276,261,266.3,36947.23,9858358.98
1499385600,240.5,267,236.5,266.49,89999.49,22377266.63
1499472000,245,249,230,240.5,94114.01,22520805.96
1499558400,236.4,250.77,235,245,34995.47,8501450.86
1499644800,210,240.3,186,236.4,171401.37,36833152.14
1499731200,190.99,215.99,173.02,210,271070.53,52450583.76
1499817600,223,229,180.5,190.99,175644.42,36343841.99
1499904000,204.8,227.1,192.13,223,116976.37,24290238
1499990400,197,206.79,183.11,204.8,120489.3,23248432.64
1500076800,168.6,199,168.6,197,136601.77,24831624.7
1500163200,155.2,171.82,134.78,168.6,340756.71,51782342.79
1500249600,188.72,190,154,155.2,270336.8,46523609.74
1500336000,228,271.4,178,188.72,377173.68,80267255.58
1500422400,193.5,246,185.3,228,310524.61,66209794.54
1500508800,227.49,237,193,193.5,264730.51,58166736.32
1500595200,216,239,209.85,227.49,119546.88,26712981.47
1500681600,230.13,237,214.31,216,50982.84,11536774.91
1500768000,229.85,235,220.12,230.13,56957.24,12979086
1500854400,225.8,231.9,224.02,229.85,33964.97,7714034.53
1500940800,204,226.38,191.71,225.8,170948.23,35196403.66
1501027200,202.21,209,193.21,204,120771.32,24145462.05
1501113600,203.1,205.6,198.64,202.21,67893.2,13720813.63
1501200000,191.55,204.39,188.46,203.1,91931.22,17990922.09
1501286400,207.14,210.28,177.8,191.55,164962.43,31373095.7
1501372800,198.45,211,195.8,207.14,80371.06,16177170.35
1501459200,201.78,203,190.19,198.45,65345.8,12845011.25
1501545600,226.25,237.66,201.69,201.78,180684.04,39818630.89
1501632000,218.49,229.36,215.5,226.25,81174.44,17858373.69
1501718400,225.4,228,217.56,218.49,64845.04,14486438.29
1501804800,222.5,228.6,220.5,225.4,52894.53,11851573.51
1501891200,253.5,259.16,221,222.5,130343.29,31380595.51
1501977600,265.67,274,253,253.5,97028.7,25527163.99
1502064000,269.8,274.5,258.35,265.67,78721.56,20998542.16
1502150400,296.98,298.33,266.43,269.8,104580.69,29672726.11
1502236800,297.78,316.93,280.21,296.98,164461.68,49015316.97
1502323200,300.2,312.97,291,297.78,69653.3,21152879.3
1502409600,310,314.1,296.1,300.2,63484.36,19264408.11
1502496000,309.5,320,303.7,310,67084.93,21074947.64
1502582400,298,311,288.3,309.5,76474.95,22764881.44
1502668800,302.7,306.42,294,298,46662.66,14040885.56
1502755200,286.65,302.7,271,302.7,69627.73,19903014.88
1502841600,302.26,304.39,280.9,286.65,47631.84,14118162.31
1502928000,300.79,311.69,297,302.26,45831.49,13979162.91
1503014400,293,306.5,287.64,300.79,54047.66,16098346.12
1503100800,294.63,300.93,285.75,293,38630.23,11292372.71
1503187200,299.45,299.59,290,294.63,22834.94,6723922.73
1503273600,322,345.99,296.1,299.45,111440.27,36116444.41
1503360000,314.52,331,295.12,322,79317.08,24698987.27
1503446400,317.31,328,314.18,314.52,41796.91,13411687.95
1503532800,326.65,328,316,317.31,30186.2,9762822.97
1503619200,331.21,339.66,325.02,326.65,42018.62,13989657.92
1503705600,332.65,335.5,326.3,331.21,31119.83,10271602.49
1503792000,347.6,347.85,331.86,332.65,37819.33,12791584.5
1503878400,347.54,349.87,334.94,347.6,55868.04,19159042.6
1503964800,371.99,374.75,346.3,347.54,77126.2,27930135.47
1504051200,383.5,389.5,363.99,371.99,60008.77,22756777.17
1504137600,388,390,380.28,383.5,38187.15,14740168.13
1504224000,390.01,395,387,388,48104.42,18857352.64
1504310400,354.89,391,326.16,390.01,124432.76,44360356.26
1504396800,355,372,338,354.89,70503.49,24911619.5
1504483200,307.96,355,281.3,355,188048.07,58215737.05
1504569600,322.98,329.99,284.07,307.96,100757.54,31014829.83
1504656000,341.84,348.04,322.41,322.98,79000.94,26627487.55
1504742400,337.96,342.51,325,341.84,53978.89,18049024.03
1504828800,310.27,337.96,295.22,337.96,93254.47,29321013.61
1504915200,304.74,312,293.5,310.27,45482.73,13822634.14
1505001600,301.54,311.2,285.52,304.74,65428.03,19452285.1
1505088000,297.64,311.89,290,301.54,60055.03,17884923.99
1505174400,294,317.98,287.98,297.64,76744.16,23197194.1
1505260800,276.21,294.9,257,294,160755.28,44067970.78
1505347200,223.85,281,218.31,276.21,215214.15,52467876.7
1505433600,259.42,267.39,201.28,223.85,275669.31,65474879.04
1505520000,254.81,274.9,247,259.42,106212.14,27662073.55
1505606400,259.1,266,240,254.81,60903.65,15476055.77
1505692800,297.98,301.44,259,259.1,131352.26,37885417.02
1505779200,282.61,300,278.12,297.98,106158.72,30394289.15
1505865600,282.36,294.97,276.58,282.61,52826.95,15109841.94
1505952000,258.8,287.75,250.11,282.36,83236.56,22222991.45
1506038400,262.92,271.49,253.58,258.8,68051.37,17787764.11
1506124800,285.99,286.96,258.26,262.92,67810.33,18772547.09
1506211200,282.95,294.7,276.47,285.99,69752.73,19974133.72
1506297600,295,297,282.42,282.95,49815.55,14536990.69
1506384000,287.9,296,287,295,35127.51,10228598.94
1506470400,310.33,313,287.15,287.9,61430.98,18427051.52
1506556800,302.7,311,297.95,310.33,42804.17,13032996.67
1506643200,292.4,303.93,278,302.7,65559.7,18981355.66
1506729600,302.2,306.96,292,292.4,28207.5,8500845.78
1506816000,303.5,305,294.23,302.2,25940.47,7782323.5
1506902400,296.66,303.5,293.39,303.5,28809.59,8586901.74
1506988800,291.17,300.25,287,296.66,31690.94,9270238.68
1507075200,292,295.82,289.3,291.17,16094.56,4710544.78
1507161600,294.75,298,287.64,292,22018.47,6457830.56
1507248000,308.7,309,294,294.75,25028.35,7538348.16
1507334400,310.57,314.44,304.31,308.7,33071.41,10225673.26
1507420800,308.59,312.99,307.02,310.57,19529.24,6064325.26
1507507200,296.9,309.3,287,308.59,40842.72,12162369.1
1507593600,298.02,305,291.74,296.9,22925.18,6867933.58
1507680000,303,305,297,298.02,13630.34,4104736.85
1507766400,302.12,307.95,301.55,303,26409.65,8054618.59
1507852800,336.98,346.88,298.28,302.12,85269.77,27797310.07
1507939200,337.99,347.97,333.32,336.98,24217.94,8262580.5
1508025600,335.71,342,321,337.99,27260.03,8998458.34
1508112000,333.42,349.5,331,335.71,37836.54,12871068.56
1508198400,316.83,334,311.41,333.42,31951.17,10300438.63
1508284800,314.36,317.53,290.5,316.83,46082.47,14039206.59
1508371200,307.87,317.83,304.41,314.36,20508.62,6350341.78
1508457600,311.52,313.69,302.77,307.87,8833.04,2719181.86
1508544000,311.52,311.52,311.52,311.52,0,0
1508630400,311.52,311.52,311.52,311.52,0,0
1508716800,285.17,293.59,276,292.17,33261.72,9421286.13
1508803200,298.4,313.67,281,285.17,41941.3,12706289.83
1508889600,296.87,303.11,290.8,298.4,19813.75,5877179.18
1508976000,295.52,301.51,295,296.87,12170.5,3619169.15
1509062400,297.06,299.78,293,295.52,10064.64,2986462.11
1509148800,295.14,297.88,293.04,297.06,6295.39,1858891.1
1509235200,303.95,310,293.05,295.14,20662.71,6280373.2
1509321600,306.2,310,302.26,303.95,16338.5,5009070.22
1509408000,304.12,309.4,304.12,306.2,12219.63,3750995.63
1509494400,290.1,305.82,290,304.12,24390.31,7293813.44
1509580800,283.75,293,277.7,290.1,35493.75,10152686.65
1509667200,304.17,309,283.38,283.75,24465.09,7286064.29
1509753600,299.41,305,294,304.17,12783.1,3826045.86
1509840000,294.62,300.57,293.01,299.41,6788.63,2015784.11
1509926400,298.5,304.21,291.3,294.62,14262.95,4255728.59
1510012800,292.07,303.3,287.28,298.5,32660.42,9629094.55
1510099200,308.38,320.59,291.06,292.07,32675.33,10018775.58
1510185600,319.76,330,307.1,308.38,53407.39,17054903.66
1510272000,298,324.99,292,319.76,42442.83,13074906.01
1510358400,313.65,323,296.99,298,38534.8,11870668.78
1510444800,305.13,317.96,295,313.65,65204.09,19903717.97
1510531200,314.83,317,304.13,305.13,26952.91,8436475.99
1510617600,335,337,314.64,314.83,60784.37,19916018.3
1510704000,329.31,338.7,321.53,335,37304.88,12423088.55
1510790400,325.98,333.79,315.59,329.31,33976.81,11075154.51
1510876800,331,334.18,323.5,325.98,14422.51,4756087.46
1510963200,345.1,349.5,325.77,331,25307.36,8515245.69
1511049600,351.11,364.91,340.1,345.1,43554.2,15406059.58
1511136000,366.52,369.99,350.01,351.11,23574.07,8513565.07
1511222400,361.01,371.44,345.5,366.52,39129.11,14146735.16
1511308800,379.5,379.9,359,361.01,18927.44,6991313.32
1511395200,408.75,419.98,372.14,379.5,63757.44,25349753.01
1511481600,466.99,469.98,395.08,408.75,52947.93,22907214.64
1511568000,460.5,470,452.01,466.99,29887.52,13852918.59
1511654400,464.19,465,445,460.5,24431.52,11108509.83
1511740800,469.4,475,457,464.19,35070.36,16423062.26
1511827200,461.56,469.9,455.56,469.4,18145.87,8397699.62
1511913600,424,498.9,411,461.56,71672.21,33287065.51
1512000000,439.25,458.76,402.61,424,61820.27,26452171.61
1512086400,462,470,417.65,439.25,31132.46,13871648.92
1512172800,456.65,469,450.26,462,15615.05,7196913.64
1512259200,463.09,477.8,451,456.65,22471.75,10472715.74
1512345600,467,472,455.56,463.09,16287.98,7534907.45
1512432000,456,469.83,455.56,467,16926.4,7811774.83
1512518400,417.01,463.43,413.01,456,36354.66,16031695.37
1512604800,409,440.93,406.42,417.01,41001.39,17216668.45
1512691200,445.31,454.98,402,409,29653.31,12820841.41
1512777600,461.98,495,441.73,445.31,30578.42,14322211.98
1512864000,430.77,462.22,428.45,461.98,22863.53,10143119.72
1512950400,500,500,430.03,430.77,31330.68,14705269.53
1513036800,626.2,630,471.46,500,66984.03,36365898.79
1513123200,680,718.97,570.54,626.2,49667.1,32040189.17
1513209600,685,738.97,653,680,36396.65,25340672.9
1513296000,675,692.84,613.01,685,26896.69,17680293.31
1513382400,689,710,668.21,675,26869,18564243.88
1513468800,708,718.96,687.29,689,21684.47,15327182.17
1513555200,782.53,794,680,708,38144.31,28138356.22
1513641600,808,863,764,782.53,51694.73,41877155.42
1513728000,784.55,813.99,720,808,37145.36,28711876
1513814400,767.83,819.6,740,784.55,28997.08,22629517.44
1513900800,674.47,776.87,512,767.75,82774.73,53359277.84
1513987200,696.35,747.67,647.16,674.47,26385.32,18592444.52
1514073600,666.56,705.06,602.1,696.35,23221.26,15054761
1514160000,720.82,743.13,666,666.56,26450.66,18856234.09
1514246400,749.08,759.46,714.15,720.82,15703.14,11681847
1514332800,741.26,766.48,705,749.08,21211.21,15751527.31
1514419200,722.01,742.99,683.11,741.26,24314.78,17222803.15
1514505600,741.16,758.87,713.66,722.01,19234.04,14224755.61
1514592000,700,738.62,675.06,738,20443.95,14358456.18
1514678400,745.98,747.95,691.02,700,14708.57,10574275.92
1514764800,757.01,772.98,725.1,745.98,17683.54,13335071.33
1514851200,864,879.9,757.01,757.01,45471.73,38452106.58
1514937600,938,947.92,851,864,31537.14,28052068.26
1515024000,942.04,988.99,905.01,938,35267.12,33501483.43
1515110400,958,1009.84,900,942.04,34745.85,33844798.42
1515196800,998.7,1005,950.4,958,18043.68,17757376.68
1515283200,1098,1098,997.87,998.7,21446.74,22546507.7
1515369600,1137.5,1191,1003.67,1098,40562.06,45373692.07
1515456000,1284.99,1289,1126,1137.5,45155.36,54504757.96
1515542400,1245.02,1366.66,1202.74,1284.99,49176.04,63426361.31
1515628800,1193,1328,1111,1245.02,26841.94,32396651.32
1515715200,1193,1193,1193,1193,0,0
1515801600,1193,1193,1193,1193,0,0
1515888000,1358.82,1404.95,1221,1398.99,40151.7,53312720.14
1515974400,1272.88,1386,1266.55,1358.82,35293.52,46796441.25
1516060800,1063,1281.38,870,1272.88,103407.08,111045580.63
1516147200,1019.97,1116,755,1063,124711.1,115720600.48
1516233600,1023.43,1115,964,1019.97,55435.74,58121028.03
1516320000,1048,1105,995,1023.43,35978.83,37710005.18
1516406400,1157.78,1167.37,1042.15,1048,32240.74,36237662.7
1516492800,1049.1,1158,925.11,1157.78,33431.56,35759547.06
1516579200,1000.5,1090.99,913.24,1049.1,47938.98,47654892.94
1516665600,985.96,1025,910,1000.5,44162.7,43427522.15
1516752000,1063.77,1067,957.9,985.96,41554.95,42313521.4
1516838400,1048,1107.67,1000.01,1063.77,52299.91,55314645.3
1516924800,1051.07,1079.95,982,1048,70422.58,72403218.16
1517011200,1105.5,1120.5,1033.5,1051.07,37348.7,40431533.07
1517097600,1221.94,1228,1100.02,1105.5,59543.37,70151940.63
1517184000,1166,1234,1122.01,1221.94,39395.08,46249416.41
1517270400,1055.14,1172,1018.54,1166,71644.78,78629726.95
1517356800,1105.3,1119.6,1011,1055.14,46993.94,50449172.03
1517443200,1020.09,1149.5,941,1105.3,105413.28,111728220.65
1517529600,910,1024.74,734.84,1020.09,182716.63,162060444.49
1517616000,965.53,995.71,831.71,910,54819.46,50872345.67
1517702400,823.56,966.9,782,965.53,63520.04,54439800.98
1517788800,687.15,858.99,622.55,823.56,167430.21,121940748.88
1517875200,783.2,807.65,556,687.15,235423.44,157354955.12
1517961600,748.54,864,713.08,783.2,105721.75,83980222.93
1518048000,813,844.98,747,748.54,69589.17,56107035.69
1518134400,878.6,883.47,780,813,73241.57,61015139.69
1518220800,850,910,808.8,878.6,67660.12,58208884.16
1518307200,809.09,858.09,778.33,850,40188.4,32833868.87
1518393600,864.53,876.61,809.09,809.09,39874.75,34072756.96
1518480000,839.52,869.35,821.95,864.53,33521.89,28173705.4
1518566400,920.56,923.98,839.52,839.52,45026.76,39963339.67
1518652800,929.03,950.85,905.99,920.56,41344.84,38454601.14
1518739200,940.98,950,907.75,929.03,22756.6,21163995.79
1518825600,975.75,977.1,936.84,940.98,23599.56,22738078.55
1518912000,916,983.85,911.12,975.75,37672.95,35546375.82
1518998400,940.64,956.97,915,916,18687.1,17572905.73
1519084800,882.61,958.99,875.01,940.64,31607.42,29226331.99
1519171200,840.35,908.11,817,882.61,56008.09,48068731.53
1519257600,804.36,874.98,780,840.35,56937.8,46849294.95
1519344000,854.35,883.75,785,804.36,54085.83,45593562.4
1519430400,832.98,875.78,807.41,854.35,35240.51,29476770.18
1519516800,840,852.67,816.75,832.98,22771.15,19002920.32
1519603200,865.37,880.94,834.99,840,30961.2,26646173.44
1519689600,870.91,898.98,860.5,865.37,17717.71,15579354.86
1519776000,850.1,888,847.59,870.91,22942.45,19934631.47
1519862400,869.75,879.78,843.11,850.1,20071.1,17349581.65
1519948800,855.19,878,845,869.75,14116.05,12197988.79
1520035200,853.4,869.8,852,855.19,11865.36,10231304.54
1520121600,864.9,867.38,837.05,853.4,12667.96,10863829.18
1520208000,849.91,868.77,849.21,864.9,19575.36,16834836.01
1520294400,815.81,850.35,801.8,849.91,27404.3,22631494.31
1520380800,750,825.89,724.32,815.81,42363.99,32409177.01
1520467200,698.8,775,686.01,750,43357.24,31620018.07
1520553600,724.4,730.31,641.1,698.8,56793.54,38665523.06
1520640000,680.7,751.84,650.01,724.4,43006.24,30665399.67
1520726400,719.11,737.5,655.53,680.7,36494.07,25345573.98
1520812800,694.72,739.15,677,719.11,28686.63,20272791.72
1520899200,685.64,715.78,676.5,694.72,20238.75,14028923.66
1520985600,610.89,702.99,582.7,685.64,71297.17,45648749.77
1521072000,609,621.4,570,610.89,74990.05,44857485.32
1521158400,600.01,627.51,581.21,609,51929.61,31531104.27
1521244800,548,609.3,540.21,600.01,72021.46,41180036.06
1521331200,535.15,553.44,453.3,548,203572.56,101669610.39
1521417600,554.96,557.98,435,535.15,82462.8,44014605.05
1521504000,557.5,570.4,516.06,554.96,81902.44,44593180.04
1521590400,559.79,590.71,544.5,557.5,69614.47,39600216.88
1521676800,539.94,578.04,507.97,559.79,66083.61,35503517.53
1521763200,544.29,544.29,507,539.94,64348.52,33542288.7
1521849600,519.53,545.12,519.5,544.29,30202.42,16178665.9
1521936000,522.79,536,512.21,519.53,31744.69,16525917.18
1522022400,485.51,526.67,466.8,522.79,68107.83,33239101.27
1522108800,447.4,491.98,445.75,485.51,107521.06,49369768.53
1522195200,445.87,465.51,440.01,447.4,55047.58,24786072.27
1522281600,383.56,448.83,379.64,445.87,145513.65,59377077.4
1522368000,392.54,411,363.49,383.56,138434.36,52900770.86
1522454400,392.4,419.29,388.81,392.54,69847.26,28030035.29
1522540800,378.48,401,359.01,392.4,66023.83,24764158.11
1522627200,384.26,394.5,375.32,378.48,41704.66,16065457.9
1522713600,415.84,520.11,379.37,384.26,67708.75,27080953.18
1522800000,377.95,417.95,368.02,415.84,81814.42,31611035.41
1522886400,380.48,387.33,364,377.95,63598.76,23920707.94
1522972800,369.4,385,362.17,380.48,46188.4,17087024.07
1523059200,384.93,394.7,368.4,369.4,29722.68,11413277.53
1523145600,399.99,403.88,384.61,384.93,25687.46,10145982.93
1523232000,398.44,430,386.24,399.99,86789.18,35037621.69
1523318400,415.58,417.99,391.69,398.44,36807.18,14861251.05
1523404800,430.13,433.75,409.51,415.58,56383.81,23730241.94
1523491200,494.03,498.99,413.21,430.13,137878.78,63488675.94
1523577600,494.32,529.87,482,494.03,120559.41,60870986.17
1523664000,502.76,516.6,487.06,494.32,51967.01,26094753.04
1523750400,535,535,502.76,502.76,46067.99,24021471.06
1523836800,511.63,538.2,497.38,535,48301.65,24789085.38
1523923200,508.58,511.63,505.53,511.63,1504.81,765871.14
